Date,Headline,Source,Market_Event,Market_Index,Index_Change_Percent,Trading_Volume,Sentiment,Sector,Impact_Level,Related_Company,News_Url,Headline_clean,ultra_pos,ultra_neg,pos,neg,total_pos,total_neg,score,ratio,has_ultra_pos,has_ultra_neg,has_percent,has_number,Index_Change_Percent_num,headline_match,index_match,has_strong_keyword,quality_score,Trading_Volume_num,log_volume,headline_length,word_count,is_pos_change,is_neg_change,abs_change
2025-02-24,consumer discretionary stocks outperform as spending increases,The Motley Fool,Supply Chain Disruption,Russell 2000,4.99,176.58,positive,Utilities,High,Reliance Industries,https://www.business-standard.com/international-business/trade-policy,consumer discretionary stocks outperform as spending increases,1,0,0,0,3,0,3,3.0,1,0,0,0,4.99,True,True,True,3,176.58,5.179421211604181,62,7,1,0,4.99
2025-06-22,a massive data breach sends a tech company s stock tumbling,Yahoo Finance,IPO Launch,Nasdaq Composite,1.41,141.37,positive,Materials,Medium,Boeing,https://economictimes.indiatimes.com/news/transportation,a massive data breach sends a tech company s stock tumbling,0,1,0,0,0,3,-3,0.0,0,1,0,0,1.41,False,True,True,2,141.37,4.958429302625654,59,11,1,0,1.41
2025-04-11,asx 200 gains on strong export performance,Wall Street Journal,Inflation Data Release,S&P/TSX Composite,,49.83,positive,Telecommunications,Low,Reliance Industries,https://www.moneycontrol.com/us-markets/dow-jones-industrial,asx 200 gains on strong export performance,1,0,0,0,3,0,3,3.0,1,0,0,1,,True,True,True,3,49.83,3.928486731458811,42,7,0,0,
2025-06-25,healthcare stocks gain on robust demand and strong outlook,MarketWatch,Interest Rate Change,IBOVESPA,,477.42,positive,Transportation,Low,Samsung Electronics,https://www.investopedia.com/articles/government-policy-announcement,healthcare stocks gain on robust demand and strong outlook,2,0,1,0,7,0,7,7.0,1,0,0,0,,True,True,True,3,477.42,6.170489007782642,58,9,0,0,
2025-07-04,asx 200 gains on strong export performance,Times of India,Market Rally,ASX 200,2.95,433.44,positive,Media & Entertainment,Low,Tesla,https://www.ft.com/content/tech-sector-innovation,asx 200 gains on strong export performance,1,0,0,0,3,0,3,3.0,1,0,0,1,2.95,True,True,True,3,433.44,6.0740578454118355,42,7,1,0,2.95
2025-04-13,media and entertainment companies report a surge in streaming revenue,Forbes,Cryptocurrency Regulation,KOSPI,-4.03,252.5,positive,Retail,Low,JP Morgan Chase,https://www.ft.com/content/consumer-confidence-report,media and entertainment companies report a surge in streaming revenue,1,0,0,0,3,0,3,3.0,1,0,0,0,-4.03,True,False,True,2,252.5,5.535363823031238,69,10,0,1,4.03
2025-07-04,mining company stock surges on commodity price boom,Financial Times,Central Bank Meeting,DAX,3.47,136.35,positive,Agriculture,Medium,Tata Motors,https://www.investopedia.com/articles/government-policy-announcement,mining company stock surges on commodity price boom,1,0,0,0,3,0,3,3.0,1,0,0,0,3.47,True,True,True,3,136.35,4.922532412541283,51,8,1,0,3.47
2025-06-25,healthcare stocks gain on robust demand and strong outlook,MarketWatch,Interest Rate Change,IBOVESPA,,477.42,positive,Transportation,Low,Samsung Electronics,https://www.investopedia.com/articles/government-policy-announcement,healthcare stocks gain on robust demand and strong outlook,2,0,1,0,7,0,7,7.0,1,0,0,0,,True,True,True,3,477.42,6.170489007782642,58,9,0,0,
2025-05-25,financial services stocks rally on strong profit margins,CNBC,Commodity Price Shock,DAX,1.02,74.49,positive,Materials,High,JP Morgan Chase,https://www.business-standard.com/economy/inflation-data,financial services stocks rally on strong profit margins,2,0,1,0,7,0,7,7.0,1,0,0,0,1.02,True,True,True,3,74.49,4.324000197151533,56,8,1,0,1.02
2025-06-15,consumer discretionary stocks outperform as spending increases,Barron's,Commodity Price Shock,S&P/TSX Composite,4.3,185.41,positive,Utilities,Medium,Samsung Electronics,https://www.marketwatch.com/story/commodities-price-shock,consumer discretionary stocks outperform as spending increases,1,0,0,0,3,0,3,3.0,1,0,0,0,4.3,True,True,True,3,185.41,5.227948548881154,62,7,1,0,4.3
2025-03-01,consumer discretionary stocks outperform as spending increases,Seeking Alpha,Economic Data Release,CAC 40,2.43,158.15,positive,Telecommunications,Medium,ExxonMobil,https://www.theeconomist.com/world/government-policy-announcement,consumer discretionary stocks outperform as spending increases,1,0,0,0,3,0,3,3.0,1,0,0,0,2.43,True,True,True,3,158.15,5.069847153728102,62,7,1,0,2.43
2025-07-09,aerospace and defense sector sees rally amid geopolitical tensions,The Motley Fool,Commodity Price Shock,Euro Stoxx 50,-0.44,379.18,positive,Automotive,Medium,Tata Motors,https://www.cnbc.com/2025/11/major-merger-deal-approved,aerospace and defense sector sees rally amid geopolitical tensions,1,0,0,0,3,0,3,3.0,1,0,0,0,-0.44,True,False,True,2,379.18,5.9406448247780075,66,9,0,1,0.44
2025-04-29,asx 200 gains on strong export performance,Reuters,Geopolitical Event,Nikkei 225,-0.05,7.02,positive,Consumer Goods,Low,Reliance Industries,https://www.bloomberg.com/canada/tsunami-warnings,asx 200 gains on strong export performance,1,0,0,0,3,0,3,3.0,1,0,0,1,-0.05,True,False,True,2,7.02,2.081938421878423,42,7,0,1,0.05
2025-03-24,financial services stocks rally on strong profit margins,Reuters,Market Rally,Russell 2000,-0.8,359.16,positive,Telecommunications,Low,ExxonMobil,https://www.marketwatch.com/story/commodities-price-shock,financial services stocks rally on strong profit margins,2,0,1,0,7,0,7,7.0,1,0,0,0,-0.8,True,False,True,2,359.16,5.886548377158422,56,8,0,1,0.8
2025-04-11,asx 200 gains on strong export performance,Wall Street Journal,Inflation Data Release,S&P/TSX Composite,,49.83,positive,Telecommunications,Low,Reliance Industries,https://www.moneycontrol.com/us-markets/dow-jones-industrial,asx 200 gains on strong export performance,1,0,0,0,3,0,3,3.0,1,0,0,1,,True,True,True,3,49.83,3.928486731458811,42,7,0,0,
2025-05-16,healthcare stocks gain on robust demand and strong outlook,Forbes,Bond Market Fluctuation,S&P/TSX Composite,-2.16,416.62,positive,Industrials,Medium,Apple Inc.,https://timesofindia.indiatimes.com/business/markets/stock-market-crash,healthcare stocks gain on robust demand and strong outlook,2,0,1,0,7,0,7,7.0,1,0,0,0,-2.16,True,False,True,2,416.62,6.034571928141916,58,9,0,1,2.16
2025-07-08,gold prices surge as investors flee riskier assets,The Economist,Cryptocurrency Regulation,ASX 200,-2.77,206.42,positive,Aerospace & Defense,Medium,Tata Motors,https://economictimes.indiatimes.com/news/transportation,gold prices surge as investors flee riskier assets,1,0,0,0,3,0,3,3.0,1,0,0,0,-2.77,True,False,True,2,206.42,5.334745723161588,50,8,0,1,2.77
2025-06-26,asx 200 gains on strong export performance,The Hindu Business Line,Government Policy Announcement,Euro Stoxx 50,-4.13,457.84,positive,Utilities,Medium,Microsoft,https://www.bloomberg.com/middle-east/news/bond-market-fluctuation,asx 200 gains on strong export performance,1,0,0,0,3,0,3,3.0,1,0,0,1,-4.13,True,False,True,2,457.84,6.128701565413067,42,7,0,1,4.13
2025-02-13,pharmaceutical company s drug approval drives stock upward,Business Standard,Currency Devaluation,Nasdaq Composite,4.96,2.5,positive,Transportation,Medium,Boeing,https://www.ft.com/content/currency-devaluation,pharmaceutical company s drug approval drives stock upward,0,0,2,0,2,0,2,2.0,0,0,0,0,4.96,True,True,False,2,2.5,1.252762968495368,58,8,1,0,4.96
2025-06-24,consumer discretionary stocks outperform as spending increases,Forbes,Market Rally,NSE Nifty,-1.77,483.49,positive,Agriculture,Low,Samsung Electronics,https://timesofindia.indiatimes.com/business/finance/banking-sector-news,consumer discretionary stocks outperform as spending increases,1,0,0,0,3,0,3,3.0,1,0,0,0,-1.77,True,False,True,2,483.49,6.183096791282935,62,7,0,1,1.77
2025-05-02,financial services stocks rally on strong profit margins,Business Standard,Commodity Price Shock,CAC 40,4.94,405.23,positive,Agriculture,High,Samsung Electronics,https://www.investopedia.com/articles/supply-chain-disruption,financial services stocks rally on strong profit margins,2,0,1,0,7,0,7,7.0,1,0,0,0,4.94,True,True,True,3,405.23,6.006919501662843,56,8,1,0,4.94
2025-05-09,pharmaceutical company s drug approval drives stock upward,The Economist,Consumer Confidence Report,Hang Seng,3.17,109.09,positive,Transportation,High,Microsoft,https://www.reuters.com/markets/stocks/tech-rally,pharmaceutical company s drug approval drives stock upward,0,0,2,0,2,0,2,2.0,0,0,0,0,3.17,True,True,False,2,109.09,4.701298213082312,58,8,1,0,3.17
2025-04-10,a massive data breach sends a tech company s stock tumbling,MarketWatch,Stock Market Crash,Euro Stoxx 50,1.47,84.21,positive,Consumer Goods,Medium,Reliance Industries,https://www.bloomberg.com/australia/asx-200-performance,a massive data breach sends a tech company s stock tumbling,0,1,0,0,0,3,-3,0.0,0,1,0,0,1.47,False,True,True,2,84.21,4.445118797839864,59,11,1,0,1.47
2025-02-27,consumer discretionary stocks outperform as spending increases,Seeking Alpha,Interest Rate Change,Shanghai Composite,-4.56,86.15,positive,Utilities,High,Boeing,https://www.reuters.com/business/retail-sector-earnings,consumer discretionary stocks outperform as spending increases,1,0,0,0,3,0,3,3.0,1,0,0,0,-4.56,True,False,True,2,86.15,4.46763077196603,62,7,0,1,4.56
2025-07-04,a massive data breach sends a tech company s stock tumbling,Bloomberg,Government Policy Announcement,S&P 500,4.39,258.05,positive,Aerospace & Defense,Low,Tata Motors,https://www.wsj.com/europe/dax-performance,a massive data breach sends a tech company s stock tumbling,0,1,0,0,0,3,-3,0.0,0,1,0,0,4.39,False,True,True,2,258.05,5.557021093260797,59,11,1,0,4.39
2025-07-10,consumer discretionary stocks outperform as spending increases,Economic Times,Supply Chain Disruption,Shanghai Composite,2.83,178.11,positive,Retail,Low,Tata Motors,https://www.reuters.com/markets/indices/ftse-100,consumer discretionary stocks outperform as spending increases,1,0,0,0,3,0,3,3.0,1,0,0,0,2.83,True,True,True,3,178.11,5.1880001422371675,62,7,1,0,2.83
2025-04-13,media and entertainment companies report a surge in streaming revenue,Forbes,Cryptocurrency Regulation,KOSPI,-4.03,252.5,positive,Retail,Low,JP Morgan Chase,https://www.ft.com/content/consumer-confidence-report,media and entertainment companies report a surge in streaming revenue,1,0,0,0,3,0,3,3.0,1,0,0,0,-4.03,True,False,True,2,252.5,5.535363823031238,69,10,0,1,4.03
2025-03-31,aerospace and defense sector sees rally amid geopolitical tensions,Forbes,Corporate Earnings Report,IBOVESPA,-1.44,208.5,positive,Real Estate,Medium,Reliance Industries,https://www.bloomberg.com/australia/asx-200-performance,aerospace and defense sector sees rally amid geopolitical tensions,1,0,0,0,3,0,3,3.0,1,0,0,0,-1.44,True,False,True,2,208.5,5.344723739362192,66,9,0,1,1.44
2025-02-13,pharmaceutical company s drug approval drives stock upward,Business Standard,Currency Devaluation,Nasdaq Composite,4.96,2.5,positive,Transportation,Medium,Boeing,https://www.ft.com/content/currency-devaluation,pharmaceutical company s drug approval drives stock upward,0,0,2,0,2,0,2,2.0,0,0,0,0,4.96,True,True,False,2,2.5,1.252762968495368,58,8,1,0,4.96
2025-06-22,a massive data breach sends a tech company s stock tumbling,Yahoo Finance,IPO Launch,Nasdaq Composite,1.41,141.37,positive,Materials,Medium,Boeing,https://economictimes.indiatimes.com/news/transportation,a massive data breach sends a tech company s stock tumbling,0,1,0,0,0,3,-3,0.0,0,1,0,0,1.41,False,True,True,2,141.37,4.958429302625654,59,11,1,0,1.41
2025-05-28,uk s ftse 100 sees a boost from favorable trade data,Mint,Interest Rate Change,S&P 500,2.3,459.91,positive,Transportation,Medium,Microsoft,https://www.ft.com/content/media-entertainment-merger,uk s ftse 100 sees a boost from favorable trade data,0,0,2,0,2,0,2,2.0,0,0,0,1,2.3,True,True,False,2,459.91,6.133202796171501,52,11,1,0,2.3
2025-07-30,pharmaceutical company s drug approval drives stock upward,Seeking Alpha,Major Merger/Acquisition,NSE Nifty,2.33,159.38,positive,Materials,High,Samsung Electronics,https://timesofindia.indiatimes.com/business/corporate-governance,pharmaceutical company s drug approval drives stock upward,0,0,2,0,2,0,2,2.0,0,0,0,0,2.33,True,True,False,2,159.38,5.0775459993788825,58,8,1,0,2.33
2025-05-16,healthcare stocks gain on robust demand and strong outlook,Forbes,Bond Market Fluctuation,S&P/TSX Composite,-2.16,416.62,positive,Industrials,Medium,Apple Inc.,https://timesofindia.indiatimes.com/business/markets/stock-market-crash,healthcare stocks gain on robust demand and strong outlook,2,0,1,0,7,0,7,7.0,1,0,0,0,-2.16,True,False,True,2,416.62,6.034571928141916,58,9,0,1,2.16
2025-03-12,pharmaceutical company s drug approval drives stock upward,Investopedia,Stock Market Crash,Russell 2000,4.66,415.96,positive,Real Estate,Medium,Tata Motors,,pharmaceutical company s drug approval drives stock upward,0,0,2,0,2,0,2,2.0,0,0,0,0,4.66,True,True,False,2,415.96,6.03299029393648,58,8,1,0,4.66
2025-03-18,financial services stocks rally on strong profit margins,Wall Street Journal,Consumer Confidence Report,CAC 40,3.13,373.73,positive,Retail,Low,Samsung Electronics,https://www.wsj.com/europe/dax-performance,financial services stocks rally on strong profit margins,2,0,1,0,7,0,7,7.0,1,0,0,0,3.13,True,True,True,3,373.73,5.926205766645928,56,8,1,0,3.13
2025-08-08,consumer discretionary stocks outperform as spending increases,Barron's,Inflation Data Release,IBOVESPA,4.54,428.4,positive,Energy,Medium,Goldman Sachs,https://www.wsj.com/china/market-regulation,consumer discretionary stocks outperform as spending increases,1,0,0,0,3,0,3,3.0,1,0,0,0,4.54,True,True,True,3,428.4,6.062388885444681,62,7,1,0,4.54
2025-02-03,mining company stock surges on commodity price boom,Mint,Central Bank Meeting,S&P/TSX Composite,,204.52,positive,Media & Entertainment,Medium,Samsung Electronics,https://www.marketwatch.com/story/commodities-price-shock,mining company stock surges on commodity price boom,1,0,0,0,3,0,3,3.0,1,0,0,0,,True,True,True,3,204.52,5.3255433528016285,51,8,0,0,
2025-04-23,financial services stocks rally on strong profit margins,The Motley Fool,Trade Tariffs Announcement,ASX 200,,428.77,positive,Automotive,High,Goldman Sachs,https://timesofindia.indiatimes.com/business/corporate-governance,financial services stocks rally on strong profit margins,2,0,1,0,7,0,7,7.0,1,0,0,0,,True,True,True,3,428.77,6.0632501818653495,56,8,0,0,
2025-02-19,gold prices surge as investors flee riskier assets,MarketWatch,Commodity Price Shock,Dow Jones,4.22,309.02,positive,Utilities,High,Microsoft,https://www.wsj.com/china/market-rally,gold prices surge as investors flee riskier assets,1,0,0,0,3,0,3,3.0,1,0,0,0,4.22,True,True,True,3,309.02,5.736636811527148,50,8,1,0,4.22
2025-06-15,bond yields tumble as investors seek safe havens,Mint,Geopolitical Event,FTSE 100,4.11,30.24,positive,Industrials,Low,ExxonMobil,https://www.ft.com/content/consumer-confidence-report,bond yields tumble as investors seek safe havens,0,1,0,0,0,3,-3,0.0,0,1,0,0,4.11,False,True,True,2,30.24,3.441699324971485,48,8,1,0,4.11
2025-03-16,gold prices surge as investors flee riskier assets,The Hindu Business Line,Corporate Earnings Report,S&P/TSX Composite,2.7,186.43,positive,Retail,Medium,ExxonMobil,https://www.reuters.com/markets/indices/nikkei-225,gold prices surge as investors flee riskier assets,1,0,0,0,3,0,3,3.0,1,0,0,0,2.7,True,True,True,3,186.43,5.233405442370894,50,8,1,0,2.7
2025-04-29,asx 200 gains on strong export performance,Reuters,Geopolitical Event,Nikkei 225,-0.05,7.02,positive,Consumer Goods,Low,Reliance Industries,https://www.bloomberg.com/canada/tsunami-warnings,asx 200 gains on strong export performance,1,0,0,0,3,0,3,3.0,1,0,0,1,-0.05,True,False,True,2,7.02,2.081938421878423,42,7,0,1,0.05
2025-04-23,financial services stocks rally on strong profit margins,The Motley Fool,Trade Tariffs Announcement,ASX 200,,428.77,positive,Automotive,High,Goldman Sachs,https://timesofindia.indiatimes.com/business/corporate-governance,financial services stocks rally on strong profit margins,2,0,1,0,7,0,7,7.0,1,0,0,0,,True,True,True,3,428.77,6.0632501818653495,56,8,0,0,
2025-08-08,uk s ftse 100 sees a boost from favorable trade data,Financial Times,Central Bank Meeting,S&P/TSX Composite,4.44,448.75,positive,Retail,Medium,Goldman Sachs,https://www.forbes.com/finance/geopolitical-event-impact,uk s ftse 100 sees a boost from favorable trade data,0,0,2,0,2,0,2,2.0,0,0,0,1,4.44,True,True,False,2,448.75,6.108691872830643,52,11,1,0,4.44
2025-04-10,financial services stocks rally on strong profit margins,Bloomberg,Central Bank Meeting,S&P 500,2.45,434.21,positive,Pharmaceuticals,Low,Reliance Industries,https://timesofindia.indiatimes.com/business/agriculture-sector,financial services stocks rally on strong profit margins,2,0,1,0,7,0,7,7.0,1,0,0,0,2.45,True,True,True,3,434.21,6.07582867321892,56,8,1,0,2.45
2025-06-24,media and entertainment companies report a surge in streaming revenue,Economic Times,Inflation Data Release,Hang Seng,3.77,8.34,positive,Aerospace & Defense,High,Microsoft,https://www.investopedia.com/articles/supply-chain-disruption,media and entertainment companies report a surge in streaming revenue,1,0,0,0,3,0,3,3.0,1,0,0,0,3.77,True,True,True,3,8.34,2.234306252240751,69,10,1,0,3.77
2025-07-04,asx 200 gains on strong export performance,Times of India,Market Rally,ASX 200,2.95,433.44,positive,Media & Entertainment,Low,Tesla,https://www.ft.com/content/tech-sector-innovation,asx 200 gains on strong export performance,1,0,0,0,3,0,3,3.0,1,0,0,1,2.95,True,True,True,3,433.44,6.0740578454118355,42,7,1,0,2.95
2025-06-26,asx 200 gains on strong export performance,The Hindu Business Line,Government Policy Announcement,Euro Stoxx 50,-4.13,457.84,positive,Utilities,Medium,Microsoft,https://www.bloomberg.com/middle-east/news/bond-market-fluctuation,asx 200 gains on strong export performance,1,0,0,0,3,0,3,3.0,1,0,0,1,-4.13,True,False,True,2,457.84,6.128701565413067,42,7,0,1,4.13
2025-07-04,a massive data breach sends a tech company s stock tumbling,Bloomberg,Government Policy Announcement,S&P 500,4.39,258.05,positive,Aerospace & Defense,Low,Tata Motors,https://www.wsj.com/europe/dax-performance,a massive data breach sends a tech company s stock tumbling,0,1,0,0,0,3,-3,0.0,0,1,0,0,4.39,False,True,True,2,258.05,5.557021093260797,59,11,1,0,4.39
2025-06-06,media and entertainment companies report a surge in streaming revenue,Mint,Currency Devaluation,FTSE 100,2.48,359.41,positive,Media & Entertainment,Low,Samsung Electronics,https://timesofindia.indiatimes.com/business/finance/banking-sector-news,media and entertainment companies report a surge in streaming revenue,1,0,0,0,3,0,3,3.0,1,0,0,0,2.48,True,True,True,3,359.41,5.88724227229708,69,10,1,0,2.48
2025-03-01,asx 200 gains on strong export performance,Financial Times,Bond Market Fluctuation,CAC 40,2.63,90.87,positive,Telecommunications,Medium,Tata Motors,https://www.business-standard.com/international-business/trade-policy,asx 200 gains on strong export performance,1,0,0,0,3,0,3,3.0,1,0,0,1,2.63,True,True,True,3,90.87,4.520374534283375,42,7,1,0,2.63
2025-04-14,financial services stocks rally on strong profit margins,Wall Street Journal,Cryptocurrency Regulation,Hang Seng,-0.24,51.45,positive,Retail,High,Apple Inc.,https://www.moneycontrol.com/us-markets/nasdaq-composite,financial services stocks rally on strong profit margins,2,0,1,0,7,0,7,7.0,1,0,0,0,-0.24,True,False,True,2,51.45,3.9598603348423063,56,8,0,1,0.24
2025-07-02,asx 200 gains on strong export performance,Seeking Alpha,Inflation Data Release,Russell 2000,-3.81,367.06,positive,Finance,Low,Samsung Electronics,,asx 200 gains on strong export performance,1,0,0,0,3,0,3,3.0,1,0,0,1,-3.81,True,False,True,2,367.06,5.908245968357049,42,7,0,1,3.81
2025-06-22,a massive data breach sends a tech company s stock tumbling,Yahoo Finance,IPO Launch,Nasdaq Composite,1.41,141.37,positive,Materials,Medium,Boeing,https://economictimes.indiatimes.com/news/transportation,a massive data breach sends a tech company s stock tumbling,0,1,0,0,0,3,-3,0.0,0,1,0,0,1.41,False,True,True,2,141.37,4.958429302625654,59,11,1,0,1.41
2025-02-19,gold prices surge as investors flee riskier assets,MarketWatch,Commodity Price Shock,Dow Jones,4.22,309.02,positive,Utilities,High,Microsoft,https://www.wsj.com/china/market-rally,gold prices surge as investors flee riskier assets,1,0,0,0,3,0,3,3.0,1,0,0,0,4.22,True,True,True,3,309.02,5.736636811527148,50,8,1,0,4.22
2025-03-23,banking stocks dip after a major scandal is revealed,Wall Street Journal,IPO Launch,NSE Nifty,4.59,155.71,positive,Aerospace & Defense,Low,Tata Motors,https://www.cnbc.com/2025/12/healthcare-sector-outlook,banking stocks dip after a major scandal is revealed,0,1,0,1,0,4,-4,0.0,0,1,0,0,4.59,False,True,True,2,155.71,5.054396963535125,52,9,1,0,4.59
2025-07-04,a massive data breach sends a tech company s stock tumbling,Bloomberg,Government Policy Announcement,S&P 500,4.39,258.05,positive,Aerospace & Defense,Low,Tata Motors,https://www.wsj.com/europe/dax-performance,a massive data breach sends a tech company s stock tumbling,0,1,0,0,0,3,-3,0.0,0,1,0,0,4.39,False,True,True,2,258.05,5.557021093260797,59,11,1,0,4.39
2025-06-14,pharmaceutical company s drug approval drives stock upward,Barron's,Interest Rate Change,IBOVESPA,4.98,457.49,positive,Media & Entertainment,Medium,Tesla,https://www.ft.com/content/tech-sector-innovation,pharmaceutical company s drug approval drives stock upward,0,0,2,0,2,0,2,2.0,0,0,0,0,4.98,True,True,False,2,457.49,6.127938481207854,58,8,1,0,4.98
2025-07-05,consumer discretionary stocks outperform as spending increases,Bloomberg,Cryptocurrency Regulation,KOSPI,4.57,376.31,positive,Utilities,High,Samsung Electronics,https://www.cnbc.com/2025/08/russia-ukraine-war-economic-impact,consumer discretionary stocks outperform as spending increases,1,0,0,0,3,0,3,3.0,1,0,0,0,4.57,True,True,True,3,376.31,5.933067130727174,62,7,1,0,4.57
2025-06-01,mining company stock surges on commodity price boom,CNBC,Central Bank Meeting,NSE Nifty,,71.21,positive,Consumer Goods,High,JP Morgan Chase,https://www.wsj.com/europe/regulatory-changes,mining company stock surges on commodity price boom,1,0,0,0,3,0,3,3.0,1,0,0,0,,True,True,True,3,71.21,4.27957854046309,51,8,0,0,
2025-08-02,a massive data breach sends a tech company s stock tumbling,Forbes,Commodity Price Shock,Nikkei 225,1.02,408.58,positive,Real Estate,Low,Microsoft,https://www.business-standard.com/economy/economic-stimulus,a massive data breach sends a tech company s stock tumbling,0,1,0,0,0,3,-3,0.0,0,1,0,0,1.02,False,True,True,2,408.58,6.015132244408166,59,11,1,0,1.02
2025-05-23,healthcare stocks gain on robust demand and strong outlook,Mint,Geopolitical Event,TSX,-3.64,142.03,positive,Media & Entertainment,Low,Microsoft,https://www.forbes.com/finance/geopolitical-event-impact,healthcare stocks gain on robust demand and strong outlook,2,0,1,0,7,0,7,7.0,1,0,0,0,-3.64,True,False,True,2,142.03,4.9630543984668085,58,9,0,1,3.64
2025-07-20,gold prices surge as investors flee riskier assets,Seeking Alpha,Government Policy Announcement,KOSPI,-2.65,403.63,positive,Telecommunications,Medium,ExxonMobil,https://www.forbes.com/finance/geopolitical-event-impact,gold prices surge as investors flee riskier assets,1,0,0,0,3,0,3,3.0,1,0,0,0,-2.65,True,False,True,2,403.63,6.00297306929085,50,8,0,1,2.65
2025-04-05,consumer discretionary stocks outperform as spending increases,Barron's,Economic Data Release,S&P/TSX Composite,-3.09,429.99,positive,Materials,Low,Tata Motors,https://www.marketwatch.com/story/consumer-goods-report,consumer discretionary stocks outperform as spending increases,1,0,0,0,3,0,3,3.0,1,0,0,0,-3.09,True,False,True,2,429.99,6.066084887978432,62,7,0,1,3.09
2025-03-16,financial services stocks rally on strong profit margins,Economic Times,Bond Market Fluctuation,ASX 200,-1.11,262.76,positive,Utilities,Medium,Boeing,https://timesofindia.indiatimes.com/business/finance/banking-sector-news,financial services stocks rally on strong profit margins,2,0,1,0,7,0,7,7.0,1,0,0,0,-1.11,True,False,True,2,262.76,5.5750395987634755,56,8,0,1,1.11
2025-07-05,consumer discretionary stocks outperform as spending increases,Bloomberg,Cryptocurrency Regulation,KOSPI,4.57,376.31,positive,Utilities,High,Samsung Electronics,https://www.cnbc.com/2025/08/russia-ukraine-war-economic-impact,consumer discretionary stocks outperform as spending increases,1,0,0,0,3,0,3,3.0,1,0,0,0,4.57,True,True,True,3,376.31,5.933067130727174,62,7,1,0,4.57
2025-05-28,uk s ftse 100 sees a boost from favorable trade data,Mint,Interest Rate Change,S&P 500,2.3,459.91,positive,Transportation,Medium,Microsoft,https://www.ft.com/content/media-entertainment-merger,uk s ftse 100 sees a boost from favorable trade data,0,0,2,0,2,0,2,2.0,0,0,0,1,2.3,True,True,False,2,459.91,6.133202796171501,52,11,1,0,2.3
2025-05-10,healthcare stocks gain on robust demand and strong outlook,Forbes,Cryptocurrency Regulation,Euro Stoxx 50,2.36,404.0,positive,Energy,High,Reliance Industries,https://www.ft.com/content/media-entertainment-merger,healthcare stocks gain on robust demand and strong outlook,2,0,1,0,7,0,7,7.0,1,0,0,0,2.36,True,True,True,3,404.0,6.003887067106539,58,9,1,0,2.36
2025-03-09,media and entertainment companies report a surge in streaming revenue,The Motley Fool,Corporate Earnings Report,CAC 40,0.03,4.24,positive,Automotive,Low,ExxonMobil,https://www.moneycontrol.com/us-markets/dow-jones-industrial,media and entertainment companies report a surge in streaming revenue,1,0,0,0,3,0,3,3.0,1,0,0,0,0.03,True,False,True,2,4.24,1.6563214983329508,69,10,1,0,0.03
2025-04-11,asx 200 gains on strong export performance,Wall Street Journal,Inflation Data Release,S&P/TSX Composite,,49.83,positive,Telecommunications,Low,Reliance Industries,https://www.moneycontrol.com/us-markets/dow-jones-industrial,asx 200 gains on strong export performance,1,0,0,0,3,0,3,3.0,1,0,0,1,,True,True,True,3,49.83,3.928486731458811,42,7,0,0,
2025-04-13,media and entertainment companies report a surge in streaming revenue,Forbes,Cryptocurrency Regulation,KOSPI,-4.03,252.5,positive,Retail,Low,JP Morgan Chase,https://www.ft.com/content/consumer-confidence-report,media and entertainment companies report a surge in streaming revenue,1,0,0,0,3,0,3,3.0,1,0,0,0,-4.03,True,False,True,2,252.5,5.535363823031238,69,10,0,1,4.03
2025-08-08,uk s ftse 100 sees a boost from favorable trade data,Financial Times,Central Bank Meeting,S&P/TSX Composite,4.44,448.75,positive,Retail,Medium,Goldman Sachs,https://www.forbes.com/finance/geopolitical-event-impact,uk s ftse 100 sees a boost from favorable trade data,0,0,2,0,2,0,2,2.0,0,0,0,1,4.44,True,True,False,2,448.75,6.108691872830643,52,11,1,0,4.44
2025-07-09,aerospace and defense sector sees rally amid geopolitical tensions,The Motley Fool,Commodity Price Shock,Euro Stoxx 50,-0.44,379.18,positive,Automotive,Medium,Tata Motors,https://www.cnbc.com/2025/11/major-merger-deal-approved,aerospace and defense sector sees rally amid geopolitical tensions,1,0,0,0,3,0,3,3.0,1,0,0,0,-0.44,True,False,True,2,379.18,5.9406448247780075,66,9,0,1,0.44
2025-06-25,healthcare stocks gain on robust demand and strong outlook,Wall Street Journal,Regulatory Changes,DAX,-2.95,382.12,positive,Real Estate,Low,Apple Inc.,https://www.investopedia.com/articles/supply-chain-disruption,healthcare stocks gain on robust demand and strong outlook,2,0,1,0,7,0,7,7.0,1,0,0,0,-2.95,True,False,True,2,382.12,5.948348256034354,58,9,0,1,2.95
2025-05-25,financial services stocks rally on strong profit margins,CNBC,Commodity Price Shock,DAX,1.02,74.49,positive,Materials,High,JP Morgan Chase,https://www.business-standard.com/economy/inflation-data,financial services stocks rally on strong profit margins,2,0,1,0,7,0,7,7.0,1,0,0,0,1.02,True,True,True,3,74.49,4.324000197151533,56,8,1,0,1.02
2025-06-18,bond yields tumble as investors seek safe havens,Economic Times,Inflation Data Release,Euro Stoxx 50,2.56,221.42,positive,Retail,Low,JP Morgan Chase,https://www.reuters.com/business/retail-sector-earnings,bond yields tumble as investors seek safe havens,0,1,0,0,0,3,-3,0.0,0,1,0,0,2.56,False,True,True,2,221.42,5.404567486390696,48,8,1,0,2.56
2025-06-24,consumer discretionary stocks outperform as spending increases,Forbes,Market Rally,NSE Nifty,-1.77,483.49,positive,Agriculture,Low,Samsung Electronics,https://timesofindia.indiatimes.com/business/finance/banking-sector-news,consumer discretionary stocks outperform as spending increases,1,0,0,0,3,0,3,3.0,1,0,0,0,-1.77,True,False,True,2,483.49,6.183096791282935,62,7,0,1,1.77
2025-02-02,gold prices surge as investors flee riskier assets,Seeking Alpha,Government Policy Announcement,Shanghai Composite,3.19,166.09,positive,Aerospace & Defense,Medium,JP Morgan Chase,https://www.ft.com/content/consumer-confidence-report,gold prices surge as investors flee riskier assets,1,0,0,0,3,0,3,3.0,1,0,0,0,3.19,True,True,True,3,166.09,5.118532589406052,50,8,1,0,3.19
2025-06-07,mining company stock surges on commodity price boom,The Hindu Business Line,Commodity Price Shock,FTSE 100,0.95,462.08,positive,Aerospace & Defense,Low,Apple Inc.,https://timesofindia.indiatimes.com/business/finance/banking-sector-news,mining company stock surges on commodity price boom,1,0,0,0,3,0,3,3.0,1,0,0,0,0.95,True,True,True,3,462.08,6.137899825337528,51,8,1,0,0.95
2025-06-22,a massive data breach sends a tech company s stock tumbling,Yahoo Finance,IPO Launch,Nasdaq Composite,1.41,141.37,positive,Materials,Medium,Boeing,https://economictimes.indiatimes.com/news/transportation,a massive data breach sends a tech company s stock tumbling,0,1,0,0,0,3,-3,0.0,0,1,0,0,1.41,False,True,True,2,141.37,4.958429302625654,59,11,1,0,1.41
2025-06-14,pharmaceutical company s drug approval drives stock upward,Barron's,Interest Rate Change,IBOVESPA,4.98,457.49,positive,Media & Entertainment,Medium,Tesla,https://www.ft.com/content/tech-sector-innovation,pharmaceutical company s drug approval drives stock upward,0,0,2,0,2,0,2,2.0,0,0,0,0,4.98,True,True,False,2,457.49,6.127938481207854,58,8,1,0,4.98
2025-07-02,asx 200 gains on strong export performance,Seeking Alpha,Inflation Data Release,Russell 2000,-3.81,367.06,positive,Finance,Low,Samsung Electronics,,asx 200 gains on strong export performance,1,0,0,0,3,0,3,3.0,1,0,0,1,-3.81,True,False,True,2,367.06,5.908245968357049,42,7,0,1,3.81
2025-07-04,asx 200 gains on strong export performance,Times of India,Market Rally,ASX 200,2.95,433.44,positive,Media & Entertainment,Low,Tesla,https://www.ft.com/content/tech-sector-innovation,asx 200 gains on strong export performance,1,0,0,0,3,0,3,3.0,1,0,0,1,2.95,True,True,True,3,433.44,6.0740578454118355,42,7,1,0,2.95
2025-04-16,media and entertainment companies report a surge in streaming revenue,Times of India,Government Policy Announcement,Euro Stoxx 50,-4.65,35.54,positive,Retail,Low,Microsoft,https://www.moneycontrol.com/us-markets/nasdaq-composite,media and entertainment companies report a surge in streaming revenue,1,0,0,0,3,0,3,3.0,1,0,0,0,-4.65,True,False,True,2,35.54,3.5984075509498608,69,10,0,1,4.65
2025-02-02,consumer discretionary stocks outperform as spending increases,Bloomberg,Currency Devaluation,BSE Sensex,-0.87,330.27,positive,Pharmaceuticals,High,ExxonMobil,https://www.investopedia.com/articles/supply-chain-disruption,consumer discretionary stocks outperform as spending increases,1,0,0,0,3,0,3,3.0,1,0,0,0,-0.87,True,False,True,2,330.27,5.802933752836283,62,7,0,1,0.87
2025-02-28,mining company stock surges on commodity price boom,The Motley Fool,Consumer Confidence Report,CAC 40,-1.06,355.42,positive,Aerospace & Defense,Medium,Boeing,https://www.wsj.com/china/market-rally,mining company stock surges on commodity price boom,1,0,0,0,3,0,3,3.0,1,0,0,0,-1.06,True,False,True,2,355.42,5.876109810744953,51,8,0,1,1.06
2025-03-01,consumer discretionary stocks outperform as spending increases,Seeking Alpha,Economic Data Release,CAC 40,2.43,158.15,positive,Telecommunications,Medium,ExxonMobil,https://www.theeconomist.com/world/government-policy-announcement,consumer discretionary stocks outperform as spending increases,1,0,0,0,3,0,3,3.0,1,0,0,0,2.43,True,True,True,3,158.15,5.069847153728102,62,7,1,0,2.43
2025-07-04,mining company stock surges on commodity price boom,Financial Times,Central Bank Meeting,DAX,3.47,136.35,positive,Agriculture,Medium,Tata Motors,https://www.investopedia.com/articles/government-policy-announcement,mining company stock surges on commodity price boom,1,0,0,0,3,0,3,3.0,1,0,0,0,3.47,True,True,True,3,136.35,4.922532412541283,51,8,1,0,3.47
2025-04-23,financial services stocks rally on strong profit margins,The Motley Fool,Trade Tariffs Announcement,ASX 200,,428.77,positive,Automotive,High,Goldman Sachs,https://timesofindia.indiatimes.com/business/corporate-governance,financial services stocks rally on strong profit margins,2,0,1,0,7,0,7,7.0,1,0,0,0,,True,True,True,3,428.77,6.0632501818653495,56,8,0,0,
2025-05-21,pharmaceutical company s drug approval drives stock upward,The Hindu Business Line,Consumer Confidence Report,NSE Nifty,3.64,461.29,positive,Transportation,High,Boeing,https://www.moneycontrol.com/us-markets/dow-jones-industrial,pharmaceutical company s drug approval drives stock upward,0,0,2,0,2,0,2,2.0,0,0,0,0,3.64,True,True,False,2,461.29,6.13619239978467,58,8,1,0,3.64
2025-07-10,consumer discretionary stocks outperform as spending increases,Bloomberg,Interest Rate Change,TSX,-4.35,440.24,positive,Agriculture,Medium,Boeing,https://www.business-standard.com/economy/inflation-data,consumer discretionary stocks outperform as spending increases,1,0,0,0,3,0,3,3.0,1,0,0,0,-4.35,True,False,True,2,440.24,6.089588945101181,62,7,0,1,4.35
2025-03-16,gold prices surge as investors flee riskier assets,The Hindu Business Line,Corporate Earnings Report,S&P/TSX Composite,2.7,186.43,positive,Retail,Medium,ExxonMobil,https://www.reuters.com/markets/indices/nikkei-225,gold prices surge as investors flee riskier assets,1,0,0,0,3,0,3,3.0,1,0,0,0,2.7,True,True,True,3,186.43,5.233405442370894,50,8,1,0,2.7
2025-04-03,consumer discretionary stocks outperform as spending increases,Forbes,Interest Rate Change,NSE Nifty,-1.08,128.66,positive,Telecommunications,High,Samsung Electronics,https://www.forbes.com/crypto/cryptocurrency-regulation,consumer discretionary stocks outperform as spending increases,1,0,0,0,3,0,3,3.0,1,0,0,0,-1.08,True,False,True,2,128.66,4.864915639746849,62,7,0,1,1.08
2025-04-08,asx 200 gains on strong export performance,The Economist,IPO Launch,Euro Stoxx 50,-1.74,324.11,positive,Technology,Low,Samsung Electronics,https://www.moneycontrol.com/us-markets/nasdaq-composite,asx 200 gains on strong export performance,1,0,0,0,3,0,3,3.0,1,0,0,1,-1.74,True,False,True,2,324.11,5.784163586603014,42,7,0,1,1.74
2025-05-20,consumer discretionary stocks outperform as spending increases,Economic Times,Commodity Price Shock,Russell 2000,2.46,258.4,positive,Retail,Medium,Apple Inc.,https://www.marketwatch.com/story/commodities-price-shock,consumer discretionary stocks outperform as spending increases,1,0,0,0,3,0,3,3.0,1,0,0,0,2.46,True,True,True,3,258.4,5.5583712718823435,62,7,1,0,2.46
2025-02-19,gold prices surge as investors flee riskier assets,MarketWatch,Commodity Price Shock,Dow Jones,4.22,309.02,positive,Utilities,High,Microsoft,https://www.wsj.com/china/market-rally,gold prices surge as investors flee riskier assets,1,0,0,0,3,0,3,3.0,1,0,0,0,4.22,True,True,True,3,309.02,5.736636811527148,50,8,1,0,4.22
2025-02-28,mining company stock surges on commodity price boom,The Motley Fool,Consumer Confidence Report,CAC 40,-1.06,355.42,positive,Aerospace & Defense,Medium,Boeing,https://www.wsj.com/china/market-rally,mining company stock surges on commodity price boom,1,0,0,0,3,0,3,3.0,1,0,0,0,-1.06,True,False,True,2,355.42,5.876109810744953,51,8,0,1,1.06
2025-03-09,media and entertainment companies report a surge in streaming revenue,The Motley Fool,Corporate Earnings Report,CAC 40,0.03,4.24,positive,Automotive,Low,ExxonMobil,https://www.moneycontrol.com/us-markets/dow-jones-industrial,media and entertainment companies report a surge in streaming revenue,1,0,0,0,3,0,3,3.0,1,0,0,0,0.03,True,False,True,2,4.24,1.6563214983329508,69,10,1,0,0.03
2025-03-18,financial services stocks rally on strong profit margins,Wall Street Journal,Consumer Confidence Report,CAC 40,3.13,373.73,positive,Retail,Low,Samsung Electronics,https://www.wsj.com/europe/dax-performance,financial services stocks rally on strong profit margins,2,0,1,0,7,0,7,7.0,1,0,0,0,3.13,True,True,True,3,373.73,5.926205766645928,56,8,1,0,3.13
2025-03-01,asx 200 gains on strong export performance,Financial Times,Bond Market Fluctuation,CAC 40,2.63,90.87,positive,Telecommunications,Medium,Tata Motors,https://www.business-standard.com/international-business/trade-policy,asx 200 gains on strong export performance,1,0,0,0,3,0,3,3.0,1,0,0,1,2.63,True,True,True,3,90.87,4.520374534283375,42,7,1,0,2.63
2025-06-18,asx 200 gains on strong export performance,Barron's,Commodity Price Shock,IBOVESPA,2.99,458.44,positive,Finance,High,Boeing,https://www.bloomberg.com/australia/asx-200-performance,asx 200 gains on strong export performance,1,0,0,0,3,0,3,3.0,1,0,0,1,2.99,True,True,True,3,458.44,6.130008356556041,42,7,1,0,2.99
2025-07-14,pharmaceutical company s drug approval drives stock upward,The Motley Fool,Consumer Confidence Report,S&P/TSX Composite,4.48,72.81,positive,Materials,High,Apple Inc.,https://www.moneycontrol.com/us-markets/dow-jones-industrial,pharmaceutical company s drug approval drives stock upward,0,0,2,0,2,0,2,2.0,0,0,0,0,4.48,True,True,False,2,72.81,4.301494223781961,58,8,1,0,4.48
2025-04-29,asx 200 gains on strong export performance,Reuters,Geopolitical Event,Nikkei 225,-0.05,7.02,positive,Consumer Goods,Low,Reliance Industries,https://www.bloomberg.com/canada/tsunami-warnings,asx 200 gains on strong export performance,1,0,0,0,3,0,3,3.0,1,0,0,1,-0.05,True,False,True,2,7.02,2.081938421878423,42,7,0,1,0.05
2025-08-11,aerospace and defense sector sees rally amid geopolitical tensions,MarketWatch,Geopolitical Event,Nasdaq Composite,-1.44,196.51,positive,Healthcare,High,ExxonMobil,https://www.ft.com/content/consumer-confidence-report,aerospace and defense sector sees rally amid geopolitical tensions,1,0,0,0,3,0,3,3.0,1,0,0,0,-1.44,True,False,True,2,196.51,5.285789215970766,66,9,0,1,1.44
2025-03-01,consumer discretionary stocks outperform as spending increases,Seeking Alpha,Economic Data Release,CAC 40,2.43,158.15,positive,Telecommunications,Medium,ExxonMobil,https://www.theeconomist.com/world/government-policy-announcement,consumer discretionary stocks outperform as spending increases,1,0,0,0,3,0,3,3.0,1,0,0,0,2.43,True,True,True,3,158.15,5.069847153728102,62,7,1,0,2.43
2025-07-30,pharmaceutical company s drug approval drives stock upward,Seeking Alpha,Major Merger/Acquisition,NSE Nifty,2.33,159.38,positive,Materials,High,Samsung Electronics,https://timesofindia.indiatimes.com/business/corporate-governance,pharmaceutical company s drug approval drives stock upward,0,0,2,0,2,0,2,2.0,0,0,0,0,2.33,True,True,False,2,159.38,5.0775459993788825,58,8,1,0,2.33
2025-07-28,a massive data breach sends a tech company s stock tumbling,Barron's,Unemployment Rate Announcement,Nikkei 225,3.91,189.7,positive,Telecommunications,Low,Samsung Electronics,https://www.reuters.com/business/retail-sector-earnings,a massive data breach sends a tech company s stock tumbling,0,1,0,0,0,3,-3,0.0,0,1,0,0,3.91,False,True,True,2,189.7,5.250701512606374,59,11,1,0,3.91
2025-05-24,mining company stock surges on commodity price boom,Wall Street Journal,Cryptocurrency Regulation,S&P/TSX Composite,4.72,233.38,positive,Transportation,Low,Microsoft,https://www.business-standard.com/economy/inflation-data,mining company stock surges on commodity price boom,1,0,0,0,3,0,3,3.0,1,0,0,0,4.72,True,True,True,3,233.38,5.456943729830456,51,8,1,0,4.72
2025-02-16,aerospace and defense sector sees rally amid geopolitical tensions,Forbes,Market Rally,FTSE 100,3.55,425.49,positive,Construction,Medium,Microsoft,https://www.marketwatch.com/story/consumer-goods-report,aerospace and defense sector sees rally amid geopolitical tensions,1,0,0,0,3,0,3,3.0,1,0,0,0,3.55,True,True,True,3,425.49,6.055588919998005,66,9,1,0,3.55
2025-05-02,financial services stocks rally on strong profit margins,Business Standard,Commodity Price Shock,CAC 40,4.94,405.23,positive,Agriculture,High,Samsung Electronics,https://www.investopedia.com/articles/supply-chain-disruption,financial services stocks rally on strong profit margins,2,0,1,0,7,0,7,7.0,1,0,0,0,4.94,True,True,True,3,405.23,6.006919501662843,56,8,1,0,4.94
2025-02-08,consumer discretionary stocks outperform as spending increases,Business Standard,Corporate Earnings Report,Dow Jones,4.65,69.84,positive,Agriculture,Medium,Goldman Sachs,https://www.cnbc.com/2025/12/healthcare-sector-outlook,consumer discretionary stocks outperform as spending increases,1,0,0,0,3,0,3,3.0,1,0,0,0,4.65,True,True,True,3,69.84,4.260423812914633,62,7,1,0,4.65
2025-07-02,asx 200 gains on strong export performance,Seeking Alpha,Inflation Data Release,Russell 2000,-3.81,367.06,positive,Finance,Low,Samsung Electronics,,asx 200 gains on strong export performance,1,0,0,0,3,0,3,3.0,1,0,0,1,-3.81,True,False,True,2,367.06,5.908245968357049,42,7,0,1,3.81
2025-02-19,gold prices surge as investors flee riskier assets,MarketWatch,Commodity Price Shock,Dow Jones,4.22,309.02,positive,Utilities,High,Microsoft,https://www.wsj.com/china/market-rally,gold prices surge as investors flee riskier assets,1,0,0,0,3,0,3,3.0,1,0,0,0,4.22,True,True,True,3,309.02,5.736636811527148,50,8,1,0,4.22
2025-07-02,asx 200 gains on strong export performance,Seeking Alpha,Inflation Data Release,Russell 2000,-3.81,367.06,positive,Finance,Low,Samsung Electronics,,asx 200 gains on strong export performance,1,0,0,0,3,0,3,3.0,1,0,0,1,-3.81,True,False,True,2,367.06,5.908245968357049,42,7,0,1,3.81
2025-04-11,asx 200 gains on strong export performance,Wall Street Journal,Inflation Data Release,S&P/TSX Composite,,49.83,positive,Telecommunications,Low,Reliance Industries,https://www.moneycontrol.com/us-markets/dow-jones-industrial,asx 200 gains on strong export performance,1,0,0,0,3,0,3,3.0,1,0,0,1,,True,True,True,3,49.83,3.928486731458811,42,7,0,0,
2025-05-14,media and entertainment companies report a surge in streaming revenue,Seeking Alpha,Economic Data Release,ASX 200,3.13,229.39,positive,Construction,Low,Reliance Industries,https://www.business-standard.com/finance/corporate-earnings,media and entertainment companies report a surge in streaming revenue,1,0,0,0,3,0,3,3.0,1,0,0,0,3.13,True,True,True,3,229.39,5.439773525102031,69,10,1,0,3.13
2025-03-16,mining company stock surges on commodity price boom,CNBC,Stock Market Crash,Hang Seng,-4.1,389.41,positive,Technology,High,ExxonMobil,https://www.cnbc.com/2025/12/healthcare-sector-outlook,mining company stock surges on commodity price boom,1,0,0,0,3,0,3,3.0,1,0,0,0,-4.1,True,False,True,2,389.41,5.967197468964984,51,8,0,1,4.1
2025-05-09,financial services stocks rally on strong profit margins,CNBC,Central Bank Meeting,BSE Sensex,0.42,398.15,positive,Finance,Low,JP Morgan Chase,https://www.ft.com/content/consumer-confidence-report,financial services stocks rally on strong profit margins,2,0,1,0,7,0,7,7.0,1,0,0,0,0.42,True,False,True,2,398.15,5.989337286091808,56,8,1,0,0.42
2025-06-25,healthcare stocks gain on robust demand and strong outlook,Wall Street Journal,Regulatory Changes,DAX,-2.95,382.12,positive,Real Estate,Low,Apple Inc.,https://www.investopedia.com/articles/supply-chain-disruption,healthcare stocks gain on robust demand and strong outlook,2,0,1,0,7,0,7,7.0,1,0,0,0,-2.95,True,False,True,2,382.12,5.948348256034354,58,9,0,1,2.95
2025-03-16,gold prices surge as investors flee riskier assets,The Hindu Business Line,Corporate Earnings Report,S&P/TSX Composite,2.7,186.43,positive,Retail,Medium,ExxonMobil,https://www.reuters.com/markets/indices/nikkei-225,gold prices surge as investors flee riskier assets,1,0,0,0,3,0,3,3.0,1,0,0,0,2.7,True,True,True,3,186.43,5.233405442370894,50,8,1,0,2.7
2025-02-19,gold prices surge as investors flee riskier assets,MarketWatch,Commodity Price Shock,Dow Jones,4.22,309.02,positive,Utilities,High,Microsoft,https://www.wsj.com/china/market-rally,gold prices surge as investors flee riskier assets,1,0,0,0,3,0,3,3.0,1,0,0,0,4.22,True,True,True,3,309.02,5.736636811527148,50,8,1,0,4.22
2025-05-04,healthcare stocks gain on robust demand and strong outlook,The Motley Fool,Commodity Price Shock,CAC 40,-2.9,191.45,positive,Telecommunications,High,Goldman Sachs,https://www.wsj.com/china/market-rally,healthcare stocks gain on robust demand and strong outlook,2,0,1,0,7,0,7,7.0,1,0,0,0,-2.9,True,False,True,2,191.45,5.259836379729755,58,9,0,1,2.9
2025-02-02,consumer discretionary stocks outperform as spending increases,Bloomberg,Currency Devaluation,BSE Sensex,-0.87,330.27,positive,Pharmaceuticals,High,ExxonMobil,https://www.investopedia.com/articles/supply-chain-disruption,consumer discretionary stocks outperform as spending increases,1,0,0,0,3,0,3,3.0,1,0,0,0,-0.87,True,False,True,2,330.27,5.802933752836283,62,7,0,1,0.87
2025-07-03,uk s ftse 100 sees a boost from favorable trade data,MarketWatch,Government Policy Announcement,Shanghai Composite,,141.86,positive,Energy,Medium,Goldman Sachs,https://www.bloomberg.com/canada/tsunami-warnings,uk s ftse 100 sees a boost from favorable trade data,0,0,2,0,2,0,2,2.0,0,0,0,1,,True,True,False,2,141.86,4.961865129726826,52,11,0,0,
2025-04-23,mining company stock surges on commodity price boom,Business Standard,Currency Devaluation,NSE Nifty,-1.81,482.26,positive,Agriculture,High,ExxonMobil,https://www.cnbc.com/2025/09/automotive-industry-trends,mining company stock surges on commodity price boom,1,0,0,0,3,0,3,3.0,1,0,0,0,-1.81,True,False,True,2,482.26,6.180554811097308,51,8,0,1,1.81
2025-05-28,uk s ftse 100 sees a boost from favorable trade data,Mint,Interest Rate Change,S&P 500,2.3,459.91,positive,Transportation,Medium,Microsoft,https://www.ft.com/content/media-entertainment-merger,uk s ftse 100 sees a boost from favorable trade data,0,0,2,0,2,0,2,2.0,0,0,0,1,2.3,True,True,False,2,459.91,6.133202796171501,52,11,1,0,2.3
2025-06-11,bond yields tumble as investors seek safe havens,Bloomberg,Geopolitical Event,Nikkei 225,2.53,1.63,positive,Agriculture,High,Microsoft,https://www.bloomberg.com/middle-east/news/bond-market-fluctuation,bond yields tumble as investors seek safe havens,0,1,0,0,0,3,-3,0.0,0,1,0,0,2.53,False,True,True,2,1.63,0.9669838461896731,48,8,1,0,2.53
2025-04-10,aerospace and defense sector sees rally amid geopolitical tensions,CNBC,IPO Launch,DAX,-3.29,12.49,positive,Industrials,Low,Goldman Sachs,https://economictimes.indiatimes.com/news/economy/unemployment-rate,aerospace and defense sector sees rally amid geopolitical tensions,1,0,0,0,3,0,3,3.0,1,0,0,0,-3.29,True,False,True,2,12.49,2.6019486702196644,66,9,0,1,3.29
2025-04-23,financial services stocks rally on strong profit margins,The Motley Fool,Trade Tariffs Announcement,ASX 200,,428.77,positive,Automotive,High,Goldman Sachs,https://timesofindia.indiatimes.com/business/corporate-governance,financial services stocks rally on strong profit margins,2,0,1,0,7,0,7,7.0,1,0,0,0,,True,True,True,3,428.77,6.0632501818653495,56,8,0,0,
2025-04-07,asx 200 gains on strong export performance,Reuters,Stock Market Crash,TSX,4.28,269.15,positive,Media & Entertainment,High,JP Morgan Chase,https://www.reuters.com/business/retail-sector-earnings,asx 200 gains on strong export performance,1,0,0,0,3,0,3,3.0,1,0,0,1,4.28,True,True,True,3,269.15,5.598977360290075,42,7,1,0,4.28
2025-02-07,consumer discretionary stocks outperform as spending increases,Economic Times,Consumer Confidence Report,IBOVESPA,2.16,271.68,positive,Finance,High,Boeing,https://www.reuters.com/markets/indices/nikkei-225,consumer discretionary stocks outperform as spending increases,1,0,0,0,3,0,3,3.0,1,0,0,0,2.16,True,True,True,3,271.68,5.6082989464945845,62,7,1,0,2.16
2025-08-02,financial services stocks rally on strong profit margins,Forbes,Inflation Data Release,KOSPI,1.03,486.58,positive,Pharmaceuticals,Low,Tesla,https://www.wsj.com/japan/economic-data-release,financial services stocks rally on strong profit margins,2,0,1,0,7,0,7,7.0,1,0,0,0,1.03,True,True,True,3,486.58,6.189454379538652,56,8,1,0,1.03
2025-06-20,healthcare stocks gain on robust demand and strong outlook,Financial Times,Interest Rate Change,S&P/TSX Composite,4.35,318.66,positive,Telecommunications,High,Goldman Sachs,https://economictimes.indiatimes.com/news/transportation,healthcare stocks gain on robust demand and strong outlook,2,0,1,0,7,0,7,7.0,1,0,0,0,4.35,True,True,True,3,318.66,5.767257930940508,58,9,1,0,4.35
2025-03-14,uk s ftse 100 sees a boost from favorable trade data,Mint,Unemployment Rate Announcement,Nikkei 225,,64.8,positive,Energy,Medium,JP Morgan Chase,https://www.business-standard.com/economy/economic-stimulus,uk s ftse 100 sees a boost from favorable trade data,0,0,2,0,2,0,2,2.0,0,0,0,1,,True,True,False,2,64.8,4.186619838331271,52,11,0,0,
2025-03-11,banking stocks dip after a major scandal is revealed,MarketWatch,Major Merger/Acquisition,DAX,3.29,61.5,negative,Energy,High,ExxonMobil,https://www.ft.com/content/tech-sector-innovation,banking stocks dip after a major scandal is revealed,0,1,0,1,0,4,-4,0.0,0,1,0,0,3.29,True,False,True,2,61.5,4.135166556742356,52,9,1,0,3.29
2025-04-09,consumer discretionary stocks outperform as spending increases,Seeking Alpha,Supply Chain Disruption,Hang Seng,-3.53,450.1,negative,Utilities,High,Reliance Industries,https://www.marketwatch.com/story/commodities-price-shock,consumer discretionary stocks outperform as spending increases,1,0,0,0,3,0,3,3.0,1,0,0,0,-3.53,False,True,True,2,450.1,6.111689044414351,62,7,0,1,3.53
2025-04-27,bond yields tumble as investors seek safe havens,Seeking Alpha,Cryptocurrency Regulation,Euro Stoxx 50,2.7,452.85,negative,Energy,Low,ExxonMobil,https://www.bloomberg.com/asia/telecommunications-news,bond yields tumble as investors seek safe havens,0,1,0,0,0,3,-3,0.0,0,1,0,0,2.7,True,False,True,2,452.85,6.117766746972636,48,8,1,0,2.7
2025-03-08,banking stocks dip after a major scandal is revealed,Barron's,Currency Devaluation,BSE Sensex,-3.72,483.29,negative,Consumer Goods,Low,Tata Motors,https://timesofindia.indiatimes.com/business/markets/stock-market-crash,banking stocks dip after a major scandal is revealed,0,1,0,1,0,4,-4,0.0,0,1,0,0,-3.72,True,True,True,3,483.29,6.182683900837548,52,9,0,1,3.72
2025-08-03,media and entertainment companies report a surge in streaming revenue,MarketWatch,Commodity Price Shock,BSE Sensex,-4.81,171.27,negative,Real Estate,Low,Samsung Electronics,https://www.forbes.com/crypto/cryptocurrency-regulation,media and entertainment companies report a surge in streaming revenue,1,0,0,0,3,0,3,3.0,1,0,0,0,-4.81,False,True,True,2,171.27,5.149063013458278,69,10,0,1,4.81
2025-03-18,bond yields tumble as investors seek safe havens,Reuters,Cryptocurrency Regulation,CAC 40,-2.89,23.03,negative,Transportation,Medium,Tata Motors,https://www.cnbc.com/2025/10/real-estate-market-analysis,bond yields tumble as investors seek safe havens,0,1,0,0,0,3,-3,0.0,0,1,0,0,-2.89,True,True,True,3,23.03,3.1793030497483774,48,8,0,1,2.89
2025-05-11,bond yields tumble as investors seek safe havens,Financial Times,Bond Market Fluctuation,Russell 2000,-1.27,460.59,negative,Media & Entertainment,Low,Tesla,https://www.reuters.com/markets/indices/ftse-100,bond yields tumble as investors seek safe havens,0,1,0,0,0,3,-3,0.0,0,1,0,0,-1.27,True,True,True,3,460.59,6.134677051181064,48,8,0,1,1.27
2025-07-13,consumer discretionary stocks outperform as spending increases,Wall Street Journal,Consumer Confidence Report,S&P 500,-4.43,164.73,negative,Materials,High,Microsoft,https://timesofindia.indiatimes.com/business/corporate-governance,consumer discretionary stocks outperform as spending increases,1,0,0,0,3,0,3,3.0,1,0,0,0,-4.43,False,True,True,2,164.73,5.110359958135453,62,7,0,1,4.43
2025-04-11,a massive data breach sends a tech company s stock tumbling,Yahoo Finance,IPO Launch,ASX 200,-4.33,261.06,negative,Real Estate,Low,ExxonMobil,https://www.moneycontrol.com/us-markets/sp-500,a massive data breach sends a tech company s stock tumbling,0,1,0,0,0,3,-3,0.0,0,1,0,0,-4.33,True,True,True,3,261.06,5.568573485176439,59,11,0,1,4.33
2025-03-27,consumer discretionary stocks outperform as spending increases,Bloomberg,Trade Tariffs Announcement,S&P 500,-0.53,63.79,negative,Real Estate,High,ExxonMobil,https://www.cnbc.com/2025/09/automotive-industry-trends,consumer discretionary stocks outperform as spending increases,1,0,0,0,3,0,3,3.0,1,0,0,0,-0.53,False,True,True,2,63.79,4.171151270461866,62,7,0,1,0.53
2025-02-16,financial services stocks rally on strong profit margins,The Economist,Geopolitical Event,S&P 500,-3.56,470.44,negative,Utilities,High,Tesla,https://www.wsj.com/europe/regulatory-changes,financial services stocks rally on strong profit margins,2,0,1,0,7,0,7,7.0,1,0,0,0,-3.56,False,True,True,2,470.44,6.155791840529658,56,8,0,1,3.56
2025-08-06,media and entertainment companies report a surge in streaming revenue,Reuters,Market Rally,Shanghai Composite,-1.31,357.29,negative,Media & Entertainment,Medium,Reliance Industries,https://www.business-standard.com/economy/inflation-data,media and entertainment companies report a surge in streaming revenue,1,0,0,0,3,0,3,3.0,1,0,0,0,-1.31,False,True,True,2,357.29,5.881342714348445,69,10,0,1,1.31
2025-03-03,asx 200 gains on strong export performance,Economic Times,Interest Rate Change,Nasdaq Composite,-2.35,152.65,negative,Telecommunications,Low,Boeing,https://www.forbes.com/crypto/cryptocurrency-regulation,asx 200 gains on strong export performance,1,0,0,0,3,0,3,3.0,1,0,0,1,-2.35,False,True,True,2,152.65,5.034677288576494,42,7,0,1,2.35
2025-04-08,consumer discretionary stocks outperform as spending increases,Investopedia,Corporate Earnings Report,KOSPI,,9.3,negative,Utilities,High,Reliance Industries,https://www.reuters.com/business/retail-sector-earnings,consumer discretionary stocks outperform as spending increases,1,0,0,0,3,0,3,3.0,1,0,0,0,,False,True,True,2,9.3,2.33214389523559,62,7,0,0,
2025-07-28,gold prices surge as investors flee riskier assets,Bloomberg,IPO Launch,CAC 40,-1.01,84.48,negative,Agriculture,Low,Samsung Electronics,https://www.bloomberg.com/canada/tsunami-warnings,gold prices surge as investors flee riskier assets,1,0,0,0,3,0,3,3.0,1,0,0,0,-1.01,False,True,True,2,84.48,4.448282430450947,50,8,0,1,1.01
2025-04-09,a massive data breach sends a tech company s stock tumbling,Bloomberg,Central Bank Meeting,DAX,-2.23,493.35,negative,Agriculture,Low,JP Morgan Chase,https://www.business-standard.com/economy/economic-stimulus,a massive data breach sends a tech company s stock tumbling,0,1,0,0,0,3,-3,0.0,0,1,0,0,-2.23,True,True,True,3,493.35,6.203243768343142,59,11,0,1,2.23
2025-07-08,banking stocks dip after a major scandal is revealed,Forbes,Regulatory Changes,IBOVESPA,-0.31,178.44,negative,Agriculture,Medium,Reliance Industries,https://www.bloomberg.com/canada/tsunami-warnings,banking stocks dip after a major scandal is revealed,0,1,0,1,0,4,-4,0.0,0,1,0,0,-0.31,True,False,True,2,178.44,5.189840890211953,52,9,0,1,0.31
2025-05-17,a massive data breach sends a tech company s stock tumbling,The Motley Fool,Bond Market Fluctuation,Shanghai Composite,,47.66,negative,Agriculture,Low,Boeing,https://www.business-standard.com/economy/economic-stimulus,a massive data breach sends a tech company s stock tumbling,0,1,0,0,0,3,-3,0.0,0,1,0,0,,True,True,True,3,47.66,3.8848573373553763,59,11,0,0,
2025-06-05,gold prices surge as investors flee riskier assets,The Economist,Geopolitical Event,IBOVESPA,-0.59,314.76,negative,Utilities,High,Samsung Electronics,https://www.theeconomist.com/finance-and-economics/trade-tariffs,gold prices surge as investors flee riskier assets,1,0,0,0,3,0,3,3.0,1,0,0,0,-0.59,False,True,True,2,314.76,5.754982431354592,50,8,0,1,0.59
2025-06-27,asx 200 gains on strong export performance,Economic Times,Market Rally,BSE Sensex,-2.14,273.97,negative,Transportation,High,Tata Motors,https://www.business-standard.com/economy/economic-stimulus,asx 200 gains on strong export performance,1,0,0,0,3,0,3,3.0,1,0,0,1,-2.14,False,True,True,2,273.97,5.616662000806635,42,7,0,1,2.14
2025-05-03,banking stocks dip after a major scandal is revealed,Financial Times,Consumer Confidence Report,S&P 500,-3.35,64.49,negative,Real Estate,Medium,Boeing,https://timesofindia.indiatimes.com/business/finance/banking-sector-news,banking stocks dip after a major scandal is revealed,0,1,0,1,0,4,-4,0.0,0,1,0,0,-3.35,True,True,True,3,64.49,4.181897459229962,52,9,0,1,3.35
2025-07-12,media and entertainment companies report a surge in streaming revenue,Reuters,Trade Tariffs Announcement,Nasdaq Composite,-3.91,281.33,negative,Consumer Goods,Low,Samsung Electronics,https://www.ft.com/content/currency-devaluation,media and entertainment companies report a surge in streaming revenue,1,0,0,0,3,0,3,3.0,1,0,0,0,-3.91,False,True,True,2,281.33,5.643076599538806,69,10,0,1,3.91
2025-04-01,bond yields tumble as investors seek safe havens,Bloomberg,Trade Tariffs Announcement,Russell 2000,-3.58,154.84,negative,Telecommunications,Medium,Tesla,https://www.ft.com/content/consumer-confidence-report,bond yields tumble as investors seek safe havens,0,1,0,0,0,3,-3,0.0,0,1,0,0,-3.58,True,True,True,3,154.84,5.048829839894225,48,8,0,1,3.58
2025-06-06,banking stocks dip after a major scandal is revealed,Wall Street Journal,Inflation Data Release,FTSE 100,-2.43,417.9,negative,Consumer Goods,Low,Samsung Electronics,https://economictimes.indiatimes.com/news/transportation,banking stocks dip after a major scandal is revealed,0,1,0,1,0,4,-4,0.0,0,1,0,0,-2.43,True,True,True,3,417.9,6.037632227952989,52,9,0,1,2.43
2025-02-23,bond yields tumble as investors seek safe havens,Investopedia,Central Bank Meeting,Nikkei 225,-0.72,179.98,negative,Energy,Low,Apple Inc.,https://www.wsj.com/japan/economic-data-release,bond yields tumble as investors seek safe havens,0,1,0,0,0,3,-3,0.0,0,1,0,0,-0.72,True,True,True,3,179.98,5.198386527922987,48,8,0,1,0.72
2025-07-17,a massive data breach sends a tech company s stock tumbling,The Motley Fool,Regulatory Changes,Dow Jones,4.95,6.73,negative,Automotive,Medium,Boeing,https://www.reuters.com/business/energy/oil-market-update,a massive data breach sends a tech company s stock tumbling,0,1,0,0,0,3,-3,0.0,0,1,0,0,4.95,True,False,True,2,6.73,2.0451088625993306,59,11,1,0,4.95
2025-07-26,banking stocks dip after a major scandal is revealed,Times of India,Economic Data Release,DAX,-1.41,44.43,negative,Finance,High,Tata Motors,https://economictimes.indiatimes.com/news/transportation,banking stocks dip after a major scandal is revealed,0,1,0,1,0,4,-4,0.0,0,1,0,0,-1.41,True,True,True,3,44.43,3.816172679771312,52,9,0,1,1.41
2025-07-22,bond yields tumble as investors seek safe havens,Barron's,Stock Market Crash,Nasdaq Composite,-3.46,30.82,negative,Healthcare,Medium,Apple Inc.,https://www.reuters.com/markets/indices/nikkei-225,bond yields tumble as investors seek safe havens,0,1,0,0,0,3,-3,0.0,0,1,0,0,-3.46,True,True,True,3,30.82,3.4600950229096408,48,8,0,1,3.46
2025-07-19,gold prices surge as investors flee riskier assets,MarketWatch,Government Policy Announcement,Nikkei 225,-1.12,494.46,negative,Media & Entertainment,Low,Boeing,https://www.business-standard.com/economy/economic-stimulus,gold prices surge as investors flee riskier assets,1,0,0,0,3,0,3,3.0,1,0,0,0,-1.12,False,True,True,2,494.46,6.2054866239726305,50,8,0,1,1.12
2025-06-16,media and entertainment companies report a surge in streaming revenue,Forbes,Commodity Price Shock,KOSPI,-1.37,283.49,negative,Telecommunications,Medium,JP Morgan Chase,https://www.reuters.com/markets/indices/ftse-100,media and entertainment companies report a surge in streaming revenue,1,0,0,0,3,0,3,3.0,1,0,0,0,-1.37,False,True,True,2,283.49,5.650698103563745,69,10,0,1,1.37
2025-04-19,aerospace and defense sector sees rally amid geopolitical tensions,Economic Times,Corporate Earnings Report,IBOVESPA,-3.1,215.81,negative,Real Estate,High,Tata Motors,https://www.wsj.com/europe/regulatory-changes,aerospace and defense sector sees rally amid geopolitical tensions,1,0,0,0,3,0,3,3.0,1,0,0,0,-3.1,False,True,True,2,215.81,5.379021393963,66,9,0,1,3.1
2025-05-07,asx 200 gains on strong export performance,Yahoo Finance,IPO Launch,S&P 500,-3.88,261.4,negative,Industrials,High,Reliance Industries,https://www.business-standard.com/economy/trade-disputes-impact,asx 200 gains on strong export performance,1,0,0,0,3,0,3,3.0,1,0,0,1,-3.88,False,True,True,2,261.4,5.5698700570699335,42,7,0,1,3.88
2025-05-12,financial services stocks rally on strong profit margins,The Economist,Geopolitical Event,S&P/TSX Composite,-2.84,157.93,negative,Energy,High,JP Morgan Chase,https://www.wsj.com/japan/economic-data-release,financial services stocks rally on strong profit margins,2,0,1,0,7,0,7,7.0,1,0,0,0,-2.84,False,True,True,2,157.93,5.068463853708728,56,8,0,1,2.84
2025-06-05,asx 200 gains on strong export performance,Barron's,IPO Launch,Nikkei 225,-4.79,333.17,negative,Healthcare,Medium,Boeing,https://www.bloomberg.com/middle-east/news/bond-market-fluctuation,asx 200 gains on strong export performance,1,0,0,0,3,0,3,3.0,1,0,0,1,-4.79,False,True,True,2,333.17,5.811649845525208,42,7,0,1,4.79
2025-04-05,mining company stock surges on commodity price boom,Forbes,Trade Tariffs Announcement,S&P/TSX Composite,-4.57,365.93,negative,Telecommunications,Medium,Goldman Sachs,https://www.investopedia.com/articles/government-policy-announcement,mining company stock surges on commodity price boom,1,0,0,0,3,0,3,3.0,1,0,0,0,-4.57,False,True,True,2,365.93,5.905171094167382,51,8,0,1,4.57
2025-04-14,a massive data breach sends a tech company s stock tumbling,Economic Times,Central Bank Meeting,Euro Stoxx 50,-1.55,61.87,negative,Agriculture,Low,Tata Motors,https://www.business-standard.com/finance/corporate-earnings,a massive data breach sends a tech company s stock tumbling,0,1,0,0,0,3,-3,0.0,0,1,0,0,-1.55,True,True,True,3,61.87,4.14106910239497,59,11,0,1,1.55
2025-05-30,media and entertainment companies report a surge in streaming revenue,The Motley Fool,Interest Rate Change,Nasdaq Composite,-4.3,199.42,negative,Agriculture,High,JP Morgan Chase,https://www.cnbc.com/2025/09/automotive-industry-trends,media and entertainment companies report a surge in streaming revenue,1,0,0,0,3,0,3,3.0,1,0,0,0,-4.3,False,True,True,2,199.42,5.3004151646301825,69,10,0,1,4.3
2025-04-16,media and entertainment companies report a surge in streaming revenue,The Hindu Business Line,IPO Launch,ASX 200,-2.52,492.04,negative,Healthcare,Low,Samsung Electronics,https://www.wsj.com/europe/regulatory-changes,media and entertainment companies report a surge in streaming revenue,1,0,0,0,3,0,3,3.0,1,0,0,0,-2.52,False,True,True,2,492.04,6.200590306653988,69,10,0,1,2.52
2025-05-29,a massive data breach sends a tech company s stock tumbling,Financial Times,Market Rally,S&P/TSX Composite,-4.93,153.24,negative,Materials,High,ExxonMobil,https://www.bloomberg.com/australia/asx-200-performance,a massive data breach sends a tech company s stock tumbling,0,1,0,0,0,3,-3,0.0,0,1,0,0,-4.93,True,True,True,3,153.24,5.038509830862235,59,11,0,1,4.93
2025-08-01,a massive data breach sends a tech company s stock tumbling,Seeking Alpha,Commodity Price Shock,Hang Seng,0.52,107.34,negative,Healthcare,Low,Goldman Sachs,https://www.moneycontrol.com/us-markets/sp-500,a massive data breach sends a tech company s stock tumbling,0,1,0,0,0,3,-3,0.0,0,1,0,0,0.52,True,False,True,2,107.34,4.685274430229753,59,11,1,0,0.52
2025-04-09,a massive data breach sends a tech company s stock tumbling,Times of India,Inflation Data Release,ASX 200,-1.66,103.84,negative,Telecommunications,Low,ExxonMobil,https://economictimes.indiatimes.com/news/economy/unemployment-rate,a massive data breach sends a tech company s stock tumbling,0,1,0,0,0,3,-3,0.0,0,1,0,0,-1.66,True,True,True,3,103.84,4.6524353784552055,59,11,0,1,1.66
2025-04-30,aerospace and defense sector sees rally amid geopolitical tensions,Forbes,IPO Launch,S&P/TSX Composite,-4.86,173.85,negative,Industrials,Low,Goldman Sachs,https://www.reuters.com/business/retail-sector-earnings,aerospace and defense sector sees rally amid geopolitical tensions,1,0,0,0,3,0,3,3.0,1,0,0,0,-4.86,False,True,True,2,173.85,5.163928463509385,66,9,0,1,4.86
2025-05-24,banking stocks dip after a major scandal is revealed,Seeking Alpha,Economic Data Release,Russell 2000,-0.7,352.94,negative,Utilities,Medium,JP Morgan Chase,https://www.business-standard.com/economy/trade-disputes-impact,banking stocks dip after a major scandal is revealed,0,1,0,1,0,4,-4,0.0,0,1,0,0,-0.7,True,True,True,3,352.94,5.869127407243039,52,9,0,1,0.7
2025-06-17,mining company stock surges on commodity price boom,Business Standard,Cryptocurrency Regulation,Nikkei 225,-3.56,495.79,negative,Consumer Goods,Medium,ExxonMobil,https://www.reuters.com/business/retail-sector-earnings,mining company stock surges on commodity price boom,1,0,0,0,3,0,3,3.0,1,0,0,0,-3.56,False,True,True,2,495.79,6.208167401592205,51,8,0,1,3.56
2025-06-16,financial services stocks rally on strong profit margins,The Economist,Major Merger/Acquisition,S&P 500,-1.53,94.22,negative,Industrials,High,Boeing,https://www.wsj.com/japan/economic-data-release,financial services stocks rally on strong profit margins,2,0,1,0,7,0,7,7.0,1,0,0,0,-1.53,False,True,True,2,94.22,4.556190003766373,56,8,0,1,1.53
2025-02-10,bond yields tumble as investors seek safe havens,Seeking Alpha,Interest Rate Change,IBOVESPA,-2.79,28.62,negative,Energy,High,Apple Inc.,https://www.ft.com/content/consumer-confidence-report,bond yields tumble as investors seek safe havens,0,1,0,0,0,3,-3,0.0,0,1,0,0,-2.79,True,True,True,3,28.62,3.3884498088396526,48,8,0,1,2.79
2025-04-02,banking stocks dip after a major scandal is revealed,The Economist,Government Policy Announcement,Hang Seng,-3.77,370.85,negative,Consumer Goods,Medium,JP Morgan Chase,https://timesofindia.indiatimes.com/business/agriculture-sector,banking stocks dip after a major scandal is revealed,0,1,0,1,0,4,-4,0.0,0,1,0,0,-3.77,True,True,True,3,370.85,5.918490547149309,52,9,0,1,3.77
2025-04-30,consumer discretionary stocks outperform as spending increases,Times of India,Government Policy Announcement,Hang Seng,-4.94,244.06,negative,Consumer Goods,Medium,Goldman Sachs,https://www.bloomberg.com/asia/policy/central-bank-meeting,consumer discretionary stocks outperform as spending increases,1,0,0,0,3,0,3,3.0,1,0,0,0,-4.94,False,True,True,2,244.06,5.5015030785213,62,7,0,1,4.94
2025-06-13,banking stocks dip after a major scandal is revealed,Times of India,IPO Launch,Nikkei 225,3.79,240.29,negative,Technology,Low,ExxonMobil,https://www.reuters.com/markets/stocks/tech-rally,banking stocks dip after a major scandal is revealed,0,1,0,1,0,4,-4,0.0,0,1,0,0,3.79,True,False,True,2,240.29,5.485999529584087,52,9,1,0,3.79
2025-03-24,gold prices surge as investors flee riskier assets,Financial Times,Trade Tariffs Announcement,Nikkei 225,-4.25,23.34,negative,Materials,Low,Samsung Electronics,https://timesofindia.indiatimes.com/business/finance/banking-sector-news,gold prices surge as investors flee riskier assets,1,0,0,0,3,0,3,3.0,1,0,0,0,-4.25,False,True,True,2,23.34,3.1921210875593813,50,8,0,1,4.25
2025-08-13,banking stocks dip after a major scandal is revealed,The Economist,Government Policy Announcement,Shanghai Composite,-1.7,195.69,negative,Industrials,Medium,JP Morgan Chase,https://timesofindia.indiatimes.com/business/markets/stock-market-crash,banking stocks dip after a major scandal is revealed,0,1,0,1,0,4,-4,0.0,0,1,0,0,-1.7,True,True,True,3,195.69,5.281628885261801,52,9,0,1,1.7
2025-05-30,banking stocks dip after a major scandal is revealed,CNBC,Geopolitical Event,Euro Stoxx 50,-1.46,129.22,negative,Automotive,Medium,Tesla,https://www.reuters.com/markets/indices/nikkei-225,banking stocks dip after a major scandal is revealed,0,1,0,1,0,4,-4,0.0,0,1,0,0,-1.46,True,True,True,3,129.22,4.869225327808716,52,9,0,1,1.46
2025-04-06,mining company stock surges on commodity price boom,Barron's,Supply Chain Disruption,NSE Nifty,-4.96,281.52,negative,Industrials,Medium,JP Morgan Chase,https://www.theeconomist.com/finance-and-economics/trade-tariffs,mining company stock surges on commodity price boom,1,0,0,0,3,0,3,3.0,1,0,0,0,-4.96,False,True,True,2,281.52,5.643749344540722,51,8,0,1,4.96
2025-02-04,banking stocks dip after a major scandal is revealed,Times of India,Central Bank Meeting,IBOVESPA,-0.03,211.73,negative,Retail,Low,Tata Motors,https://www.bloomberg.com/asia/telecommunications-news,banking stocks dip after a major scandal is revealed,0,1,0,1,0,4,-4,0.0,0,1,0,0,-0.03,True,False,True,2,211.73,5.360023755984015,52,9,0,1,0.03
2025-05-30,media and entertainment companies report a surge in streaming revenue,Bloomberg,Commodity Price Shock,IBOVESPA,-0.84,353.22,negative,Transportation,Medium,Apple Inc.,https://www.wsj.com/europe/dax-performance,media and entertainment companies report a surge in streaming revenue,1,0,0,0,3,0,3,3.0,1,0,0,0,-0.84,False,True,True,2,353.22,5.869918189028486,69,10,0,1,0.84
2025-06-13,mining company stock surges on commodity price boom,Bloomberg,Trade Tariffs Announcement,ASX 200,-0.79,327.65,negative,Pharmaceuticals,High,Apple Inc.,https://www.reuters.com/markets/indices/ftse-100,mining company stock surges on commodity price boom,1,0,0,0,3,0,3,3.0,1,0,0,0,-0.79,False,True,True,2,327.65,5.794993354709585,51,8,0,1,0.79
2025-08-08,financial services stocks rally on strong profit margins,Business Standard,Bond Market Fluctuation,Euro Stoxx 50,-1.35,488.35,negative,Pharmaceuticals,Medium,Reliance Industries,https://www.reuters.com/markets/indices/ftse-100,financial services stocks rally on strong profit margins,2,0,1,0,7,0,7,7.0,1,0,0,0,-1.35,False,True,True,2,488.35,6.193077979871829,56,8,0,1,1.35
2025-07-27,asx 200 gains on strong export performance,Economic Times,Cryptocurrency Regulation,Dow Jones,-4.41,184.07,negative,Consumer Goods,Low,JP Morgan Chase,https://www.business-standard.com/economy/inflation-data,asx 200 gains on strong export performance,1,0,0,0,3,0,3,3.0,1,0,0,1,-4.41,False,True,True,2,184.07,5.220734131889657,42,7,0,1,4.41
2025-07-26,bond yields tumble as investors seek safe havens,The Economist,Currency Devaluation,TSX,0.71,22.23,negative,Finance,High,JP Morgan Chase,https://www.investopedia.com/articles/government-policy-announcement,bond yields tumble as investors seek safe havens,0,1,0,0,0,3,-3,0.0,0,1,0,0,0.71,True,False,True,2,22.23,3.145444546782318,48,8,1,0,0.71
2025-03-08,media and entertainment companies report a surge in streaming revenue,Reuters,Market Rally,Hang Seng,-3.58,488.85,negative,Media & Entertainment,High,Boeing,https://www.reuters.com/business/energy/oil-market-update,media and entertainment companies report a surge in streaming revenue,1,0,0,0,3,0,3,3.0,1,0,0,0,-3.58,False,True,True,2,488.85,6.194099221790651,69,10,0,1,3.58
2025-04-13,consumer discretionary stocks outperform as spending increases,The Economist,Corporate Earnings Report,Nasdaq Composite,-2.75,212.41,negative,Healthcare,High,ExxonMobil,https://timesofindia.indiatimes.com/business/corporate-governance,consumer discretionary stocks outperform as spending increases,1,0,0,0,3,0,3,3.0,1,0,0,0,-2.75,False,True,True,2,212.41,5.3632151981258795,62,7,0,1,2.75
2025-05-31,mining company stock surges on commodity price boom,MarketWatch,Bond Market Fluctuation,CAC 40,-2.7,115.15,negative,Construction,High,Microsoft,https://www.moneycontrol.com/india/ipo-news/new-firm-launches,mining company stock surges on commodity price boom,1,0,0,0,3,0,3,3.0,1,0,0,0,-2.7,False,True,True,2,115.15,4.754882459216418,51,8,0,1,2.7
2025-07-29,healthcare stocks gain on robust demand and strong outlook,MarketWatch,Trade Tariffs Announcement,Euro Stoxx 50,-1.18,197.98,negative,Pharmaceuticals,Low,Boeing,https://www.wsj.com/china/market-regulation,healthcare stocks gain on robust demand and strong outlook,2,0,1,0,7,0,7,7.0,1,0,0,0,-1.18,False,True,True,2,197.98,5.293204317161214,58,9,0,1,1.18
2025-03-17,banking stocks dip after a major scandal is revealed,MarketWatch,Economic Data Release,Russell 2000,0.8,387.74,negative,Energy,Low,Apple Inc.,https://www.ft.com/content/consumer-confidence-report,banking stocks dip after a major scandal is revealed,0,1,0,1,0,4,-4,0.0,0,1,0,0,0.8,True,False,True,2,387.74,5.962910739689921,52,9,1,0,0.8
2025-02-13,a massive data breach sends a tech company s stock tumbling,Seeking Alpha,Bond Market Fluctuation,FTSE 100,-1.11,394.24,negative,Retail,Medium,Samsung Electronics,https://www.investopedia.com/articles/government-policy-announcement,a massive data breach sends a tech company s stock tumbling,0,1,0,0,0,3,-3,0.0,0,1,0,0,-1.11,True,True,True,3,394.24,5.979493175326762,59,11,0,1,1.11
2025-08-13,bond yields tumble as investors seek safe havens,The Motley Fool,Bond Market Fluctuation,Nikkei 225,1.49,488.07,negative,Utilities,Medium,Boeing,https://www.marketwatch.com/story/consumer-goods-report,bond yields tumble as investors seek safe havens,0,1,0,0,0,3,-3,0.0,0,1,0,0,1.49,True,False,True,2,488.07,6.192505628514245,48,8,1,0,1.49
2025-07-25,healthcare stocks gain on robust demand and strong outlook,Barron's,Regulatory Changes,NSE Nifty,-3.07,418.37,negative,Agriculture,Medium,Boeing,https://www.forbes.com/crypto/cryptocurrency-regulation,healthcare stocks gain on robust demand and strong outlook,2,0,1,0,7,0,7,7.0,1,0,0,0,-3.07,False,True,True,2,418.37,6.038753585151147,58,9,0,1,3.07
2025-07-30,a massive data breach sends a tech company s stock tumbling,Business Standard,Commodity Price Shock,Hang Seng,,387.37,negative,Real Estate,Low,Boeing,https://www.reuters.com/business/retail-sector-earnings,a massive data breach sends a tech company s stock tumbling,0,1,0,0,0,3,-3,0.0,0,1,0,0,,True,True,True,3,387.37,5.961958493475206,59,11,0,0,
2025-05-27,aerospace and defense sector sees rally amid geopolitical tensions,MarketWatch,Currency Devaluation,CAC 40,-1.54,193.71,negative,Finance,Low,Tata Motors,https://www.cnbc.com/2025/08/russia-ukraine-war-economic-impact,aerospace and defense sector sees rally amid geopolitical tensions,1,0,0,0,3,0,3,3.0,1,0,0,0,-1.54,False,True,True,2,193.71,5.27151127212753,66,9,0,1,1.54
2025-02-24,consumer discretionary stocks outperform as spending increases,Investopedia,Cryptocurrency Regulation,Euro Stoxx 50,-3.33,440.38,negative,Energy,Medium,ExxonMobil,https://www.moneycontrol.com/us-markets/nasdaq-composite,consumer discretionary stocks outperform as spending increases,1,0,0,0,3,0,3,3.0,1,0,0,0,-3.33,False,True,True,2,440.38,6.089906182420013,62,7,0,1,3.33
2025-05-29,healthcare stocks gain on robust demand and strong outlook,Times of India,Major Merger/Acquisition,TSX,-1.09,498.08,negative,Consumer Goods,Medium,Tesla,https://economictimes.indiatimes.com/news/economy/unemployment-rate,healthcare stocks gain on robust demand and strong outlook,2,0,1,0,7,0,7,7.0,1,0,0,0,-1.09,False,True,True,2,498.08,6.212766403542821,58,9,0,1,1.09
2025-08-03,bond yields tumble as investors seek safe havens,Financial Times,Regulatory Changes,Hang Seng,-0.54,336.03,negative,Real Estate,Low,Boeing,https://economictimes.indiatimes.com/stocks/bse-sensex-plunges,bond yields tumble as investors seek safe havens,0,1,0,0,0,3,-3,0.0,0,1,0,0,-0.54,True,True,True,3,336.03,5.820171947161762,48,8,0,1,0.54
2025-05-02,financial services stocks rally on strong profit margins,Investopedia,Cryptocurrency Regulation,Hang Seng,-4.03,349.01,negative,Materials,High,Microsoft,https://www.cnbc.com/2025/11/major-merger-deal-approved,financial services stocks rally on strong profit margins,2,0,1,0,7,0,7,7.0,1,0,0,0,-4.03,False,True,True,2,349.01,5.857961725503875,56,8,0,1,4.03
2025-07-21,asx 200 gains on strong export performance,The Motley Fool,Supply Chain Disruption,S&P 500,-3.4,106.55,negative,Real Estate,High,Reliance Industries,https://www.marketwatch.com/story/consumer-goods-report,asx 200 gains on strong export performance,1,0,0,0,3,0,3,3.0,1,0,0,1,-3.4,False,True,True,2,106.55,4.677955855713739,42,7,0,1,3.4
2025-04-22,consumer discretionary stocks outperform as spending increases,Seeking Alpha,Inflation Data Release,Shanghai Composite,-1.8,280.11,negative,Consumer Goods,Low,Reliance Industries,https://www.bloomberg.com/middle-east/news/bond-market-fluctuation,consumer discretionary stocks outperform as spending increases,1,0,0,0,3,0,3,3.0,1,0,0,0,-1.8,False,True,True,2,280.11,5.638746051808365,62,7,0,1,1.8
2025-06-12,gold prices surge as investors flee riskier assets,The Economist,Corporate Earnings Report,Hang Seng,-4.87,157.45,negative,Transportation,High,Samsung Electronics,https://economictimes.indiatimes.com/industry/industrials,gold prices surge as investors flee riskier assets,1,0,0,0,3,0,3,3.0,1,0,0,0,-4.87,False,True,True,2,157.45,5.06543908613693,50,8,0,1,4.87
2025-02-14,asx 200 gains on strong export performance,Times of India,Bond Market Fluctuation,CAC 40,-4.73,301.11,negative,Utilities,Medium,Tesla,https://www.bloomberg.com/asia/policy/central-bank-meeting,asx 200 gains on strong export performance,1,0,0,0,3,0,3,3.0,1,0,0,1,-4.73,False,True,True,2,301.11,5.710791189466759,42,7,0,1,4.73
2025-05-22,bond yields tumble as investors seek safe havens,Bloomberg,Major Merger/Acquisition,S&P/TSX Composite,-2.19,310.1,negative,Finance,Medium,Samsung Electronics,https://www.business-standard.com/economy/economic-stimulus,bond yields tumble as investors seek safe havens,0,1,0,0,0,3,-3,0.0,0,1,0,0,-2.19,True,True,True,3,310.1,5.740114403903592,48,8,0,1,2.19
2025-05-20,bond yields tumble as investors seek safe havens,MarketWatch,Interest Rate Change,ASX 200,0.95,468.22,negative,Aerospace & Defense,Medium,Boeing,https://www.cnbc.com/2025/11/major-merger-deal-approved,bond yields tumble as investors seek safe havens,0,1,0,0,0,3,-3,0.0,0,1,0,0,0.95,True,False,True,2,468.22,6.1510717416168195,48,8,1,0,0.95
2025-07-04,financial services stocks rally on strong profit margins,Business Standard,Market Rally,CAC 40,-3.23,133.32,negative,Transportation,High,Samsung Electronics,https://economictimes.indiatimes.com/news/transportation,financial services stocks rally on strong profit margins,2,0,1,0,7,0,7,7.0,1,0,0,0,-3.23,False,True,True,2,133.32,4.900225012769285,56,8,0,1,3.23
2025-07-19,bond yields tumble as investors seek safe havens,Barron's,Supply Chain Disruption,KOSPI,-2.33,110.35,negative,Finance,Low,Microsoft,https://www.wsj.com/china/market-rally,bond yields tumble as investors seek safe havens,0,1,0,0,0,3,-3,0.0,0,1,0,0,-2.33,True,True,True,3,110.35,4.712678393703377,48,8,0,1,2.33
2025-02-19,a massive data breach sends a tech company s stock tumbling,Business Standard,Trade Tariffs Announcement,KOSPI,-4.6,441.35,negative,Real Estate,High,Apple Inc.,https://www.moneycontrol.com/us-markets/nasdaq-composite,a massive data breach sends a tech company s stock tumbling,0,1,0,0,0,3,-3,0.0,0,1,0,0,-4.6,True,True,True,3,441.35,6.092101423929395,59,11,0,1,4.6
2025-04-04,gold prices surge as investors flee riskier assets,Yahoo Finance,Cryptocurrency Regulation,S&P 500,-4.03,465.53,negative,Healthcare,Medium,Samsung Electronics,https://www.theeconomist.com/finance-and-economics/trade-tariffs,gold prices surge as investors flee riskier assets,1,0,0,0,3,0,3,3.0,1,0,0,0,-4.03,False,True,True,2,465.53,6.145322326901356,50,8,0,1,4.03
2025-03-02,mining company stock surges on commodity price boom,The Economist,Commodity Price Shock,DAX,-0.65,109.32,negative,Construction,High,Tata Motors,https://www.bloomberg.com/asia/telecommunications-news,mining company stock surges on commodity price boom,1,0,0,0,3,0,3,3.0,1,0,0,0,-0.65,False,True,True,2,109.32,4.703385233485046,51,8,0,1,0.65
2025-05-06,mining company stock surges on commodity price boom,Financial Times,Government Policy Announcement,Dow Jones,-3.4,1.06,negative,Energy,Medium,Samsung Electronics,https://www.moneycontrol.com/us-markets/nasdaq-composite,mining company stock surges on commodity price boom,1,0,0,0,3,0,3,3.0,1,0,0,0,-3.4,False,True,True,2,1.06,0.7227059828014898,51,8,0,1,3.4
2025-03-03,asx 200 gains on strong export performance,Bloomberg,Inflation Data Release,KOSPI,-2.61,317.24,negative,Retail,Low,Samsung Electronics,https://www.business-standard.com/international-business/trade-policy,asx 200 gains on strong export performance,1,0,0,0,3,0,3,3.0,1,0,0,1,-2.61,False,True,True,2,317.24,5.762805815105662,42,7,0,1,2.61
2025-04-17,banking stocks dip after a major scandal is revealed,MarketWatch,Trade Tariffs Announcement,ASX 200,-4.57,169.79,negative,Media & Entertainment,High,JP Morgan Chase,,banking stocks dip after a major scandal is revealed,0,1,0,1,0,4,-4,0.0,0,1,0,0,-4.57,True,True,True,3,169.79,5.1404347316311005,52,9,0,1,4.57
2025-06-27,a massive data breach sends a tech company s stock tumbling,MarketWatch,Bond Market Fluctuation,KOSPI,3.21,157.99,negative,Finance,High,Tata Motors,https://www.investopedia.com/articles/government-policy-announcement,a massive data breach sends a tech company s stock tumbling,0,1,0,0,0,3,-3,0.0,0,1,0,0,3.21,True,False,True,2,157.99,5.068841307160618,59,11,1,0,3.21
2025-08-03,mining company stock surges on commodity price boom,CNBC,Commodity Price Shock,NSE Nifty,-0.95,29.44,negative,Agriculture,Medium,Boeing,https://www.reuters.com/markets/indices/nikkei-225,mining company stock surges on commodity price boom,1,0,0,0,3,0,3,3.0,1,0,0,0,-0.95,False,True,True,2,29.44,3.415757532993485,51,8,0,1,0.95
2025-04-13,mining company stock surges on commodity price boom,Financial Times,Central Bank Meeting,Russell 2000,-4.79,168.76,negative,Technology,Low,Microsoft,https://www.cnbc.com/2025/11/major-merger-deal-approved,mining company stock surges on commodity price boom,1,0,0,0,3,0,3,3.0,1,0,0,0,-4.79,False,True,True,2,168.76,5.134385674865673,51,8,0,1,4.79
2025-05-18,banking stocks dip after a major scandal is revealed,Times of India,IPO Launch,KOSPI,4.21,237.16,negative,Materials,High,ExxonMobil,https://www.ft.com/content/media-entertainment-merger,banking stocks dip after a major scandal is revealed,0,1,0,1,0,4,-4,0.0,0,1,0,0,4.21,True,False,True,2,237.16,5.472942716707521,52,9,1,0,4.21
2025-06-20,consumer discretionary stocks outperform as spending increases,Reuters,Market Rally,KOSPI,-1.0,123.26,negative,Technology,Low,Goldman Sachs,https://www.wsj.com/japan/economic-data-release,consumer discretionary stocks outperform as spending increases,1,0,0,0,3,0,3,3.0,1,0,0,0,-1.0,False,True,True,2,123.26,4.822376144635548,62,7,0,1,1.0
2025-08-05,aerospace and defense sector sees rally amid geopolitical tensions,The Economist,Inflation Data Release,FTSE 100,-4.34,83.57,negative,Pharmaceuticals,Medium,Reliance Industries,https://www.wsj.com/europe/dax-performance,aerospace and defense sector sees rally amid geopolitical tensions,1,0,0,0,3,0,3,3.0,1,0,0,0,-4.34,False,True,True,2,83.57,4.437579593794131,66,9,0,1,4.34
2025-04-15,asx 200 gains on strong export performance,Times of India,Interest Rate Change,KOSPI,-2.07,160.08,negative,Automotive,Low,Tesla,https://www.business-standard.com/economy/inflation-data,asx 200 gains on strong export performance,1,0,0,0,3,0,3,3.0,1,0,0,1,-2.07,False,True,True,2,160.08,5.081901135983253,42,7,0,1,2.07
2025-05-08,banking stocks dip after a major scandal is revealed,Wall Street Journal,Currency Devaluation,DAX,2.0,66.63,negative,Technology,High,Tesla,https://economictimes.indiatimes.com/news/transportation,banking stocks dip after a major scandal is revealed,0,1,0,1,0,4,-4,0.0,0,1,0,0,2.0,True,False,True,2,66.63,4.214051671586849,52,9,1,0,2.0
2025-03-18,bond yields tumble as investors seek safe havens,The Motley Fool,Major Merger/Acquisition,NSE Nifty,4.96,492.36,negative,Construction,High,ExxonMobil,https://economictimes.indiatimes.com/news/economy/unemployment-rate,bond yields tumble as investors seek safe havens,0,1,0,0,0,3,-3,0.0,0,1,0,0,4.96,True,False,True,2,492.36,6.201239130683238,48,8,1,0,4.96
2025-07-10,media and entertainment companies report a surge in streaming revenue,The Hindu Business Line,Government Policy Announcement,Hang Seng,,36.13,negative,Aerospace & Defense,Medium,Goldman Sachs,https://www.business-standard.com/economy/inflation-data,media and entertainment companies report a surge in streaming revenue,1,0,0,0,3,0,3,3.0,1,0,0,0,,False,True,True,2,36.13,3.6144252681889886,69,10,0,0,
2025-03-02,a massive data breach sends a tech company s stock tumbling,Barron's,IPO Launch,IBOVESPA,-4.21,193.1,negative,Agriculture,Medium,Boeing,https://www.ft.com/content/consumer-confidence-report,a massive data breach sends a tech company s stock tumbling,0,1,0,0,0,3,-3,0.0,0,1,0,0,-4.21,True,True,True,3,193.1,5.268373490174964,59,11,0,1,4.21
2025-05-19,banking stocks dip after a major scandal is revealed,Mint,Corporate Earnings Report,KOSPI,2.8,175.81,negative,Healthcare,Medium,ExxonMobil,https://www.wsj.com/china/market-regulation,banking stocks dip after a major scandal is revealed,0,1,0,1,0,4,-4,0.0,0,1,0,0,2.8,True,False,True,2,175.81,5.175075709689998,52,9,1,0,2.8
2025-03-29,mining company stock surges on commodity price boom,Investopedia,Unemployment Rate Announcement,IBOVESPA,-1.33,324.43,negative,Construction,Low,ExxonMobil,https://www.investopedia.com/articles/government-policy-announcement,mining company stock surges on commodity price boom,1,0,0,0,3,0,3,3.0,1,0,0,0,-1.33,False,True,True,2,324.43,5.785147384757806,51,8,0,1,1.33
2025-08-02,media and entertainment companies report a surge in streaming revenue,Yahoo Finance,Market Rally,IBOVESPA,-1.94,359.56,negative,Finance,Medium,Reliance Industries,https://www.bloomberg.com/middle-east/news/bond-market-fluctuation,media and entertainment companies report a surge in streaming revenue,1,0,0,0,3,0,3,3.0,1,0,0,0,-1.94,False,True,True,2,359.56,5.887658378382393,69,10,0,1,1.94
2025-06-28,healthcare stocks gain on robust demand and strong outlook,Forbes,Central Bank Meeting,NSE Nifty,-1.1,491.67,negative,Retail,Medium,JP Morgan Chase,https://www.moneycontrol.com/us-markets/nasdaq-composite,healthcare stocks gain on robust demand and strong outlook,2,0,1,0,7,0,7,7.0,1,0,0,0,-1.1,False,True,True,2,491.67,6.199839578717014,58,9,0,1,1.1
2025-03-30,consumer discretionary stocks outperform as spending increases,Economic Times,Stock Market Crash,NSE Nifty,-2.18,49.51,negative,Finance,Medium,ExxonMobil,https://www.reuters.com/business/retail-sector-earnings,consumer discretionary stocks outperform as spending increases,1,0,0,0,3,0,3,3.0,1,0,0,0,-2.18,False,True,True,2,49.51,3.9221713364799613,62,7,0,1,2.18
2025-05-04,asx 200 gains on strong export performance,Forbes,Market Rally,Hang Seng,-2.6,275.76,negative,Finance,Medium,Apple Inc.,https://timesofindia.indiatimes.com/business/agriculture-sector,asx 200 gains on strong export performance,1,0,0,0,3,0,3,3.0,1,0,0,1,-2.6,False,True,True,2,275.76,5.623150704630611,42,7,0,1,2.6
2025-03-30,consumer discretionary stocks outperform as spending increases,Business Standard,Stock Market Crash,S&P/TSX Composite,-3.02,455.37,negative,Telecommunications,Low,Goldman Sachs,https://www.bloomberg.com/australia/asx-200-performance,consumer discretionary stocks outperform as spending increases,1,0,0,0,3,0,3,3.0,1,0,0,0,-3.02,False,True,True,2,455.37,6.123303884013292,62,7,0,1,3.02
2025-04-26,media and entertainment companies report a surge in streaming revenue,The Motley Fool,Commodity Price Shock,IBOVESPA,-3.46,85.67,negative,Transportation,Medium,Goldman Sachs,https://www.business-standard.com/international-business/trade-policy,media and entertainment companies report a surge in streaming revenue,1,0,0,0,3,0,3,3.0,1,0,0,0,-3.46,False,True,True,2,85.67,4.462107803146254,69,10,0,1,3.46
2025-04-05,gold prices surge as investors flee riskier assets,CNBC,Government Policy Announcement,Nikkei 225,,114.3,negative,Consumer Goods,Low,Goldman Sachs,https://www.bloomberg.com/asia/policy/central-bank-meeting,gold prices surge as investors flee riskier assets,1,0,0,0,3,0,3,3.0,1,0,0,0,,False,True,True,2,114.3,4.747537427275013,50,8,0,0,
2025-06-27,a massive data breach sends a tech company s stock tumbling,Wall Street Journal,Interest Rate Change,Dow Jones,-4.0,246.33,negative,Technology,High,JP Morgan Chase,https://www.reuters.com/markets/stocks/tech-rally,a massive data breach sends a tech company s stock tumbling,0,1,0,0,0,3,-3,0.0,0,1,0,0,-4.0,True,True,True,3,246.33,5.510723477319505,59,11,0,1,4.0
2025-07-10,media and entertainment companies report a surge in streaming revenue,Business Standard,Currency Devaluation,Russell 2000,,109.12,negative,Agriculture,Medium,Goldman Sachs,https://www.wsj.com/europe/regulatory-changes,media and entertainment companies report a surge in streaming revenue,1,0,0,0,3,0,3,3.0,1,0,0,0,,False,True,True,2,109.12,4.701570680274407,69,10,0,0,
2025-02-24,banking stocks dip after a major scandal is revealed,Financial Times,Inflation Data Release,Nikkei 225,1.14,360.16,negative,Finance,High,Reliance Industries,https://www.ft.com/content/tech-sector-innovation,banking stocks dip after a major scandal is revealed,0,1,0,1,0,4,-4,0.0,0,1,0,0,1.14,True,False,True,2,360.16,5.8893210734392785,52,9,1,0,1.14
2025-04-27,healthcare stocks gain on robust demand and strong outlook,Bloomberg,Interest Rate Change,Russell 2000,-3.86,214.24,negative,Materials,Medium,ExxonMobil,https://timesofindia.indiatimes.com/business/markets/stock-market-crash,healthcare stocks gain on robust demand and strong outlook,2,0,1,0,7,0,7,7.0,1,0,0,0,-3.86,False,True,True,2,214.24,5.371753684621219,58,9,0,1,3.86
2025-02-16,healthcare stocks gain on robust demand and strong outlook,Yahoo Finance,Geopolitical Event,Nasdaq Composite,-1.51,56.18,negative,Healthcare,High,Boeing,https://www.business-standard.com/economy/inflation-data,healthcare stocks gain on robust demand and strong outlook,2,0,1,0,7,0,7,7.0,1,0,0,0,-1.51,False,True,True,2,56.18,4.046204186894165,58,9,0,1,1.51
2025-02-21,asx 200 gains on strong export performance,Wall Street Journal,Regulatory Changes,DAX,-3.92,164.99,negative,Consumer Goods,High,JP Morgan Chase,https://www.business-standard.com/economy/trade-disputes-impact,asx 200 gains on strong export performance,1,0,0,0,3,0,3,3.0,1,0,0,1,-3.92,False,True,True,2,164.99,5.111927545578128,42,7,0,1,3.92
2025-08-13,healthcare stocks gain on robust demand and strong outlook,Mint,Central Bank Meeting,S&P 500,-1.94,242.87,negative,Healthcare,Low,JP Morgan Chase,https://www.business-standard.com/finance/corporate-earnings,healthcare stocks gain on robust demand and strong outlook,2,0,1,0,7,0,7,7.0,1,0,0,0,-1.94,False,True,True,2,242.87,5.49663529642659,58,9,0,1,1.94
2025-07-17,media and entertainment companies report a surge in streaming revenue,Times of India,Central Bank Meeting,NSE Nifty,-2.3,351.67,negative,Industrials,High,Tata Motors,https://www.investopedia.com/articles/government-policy-announcement,media and entertainment companies report a surge in streaming revenue,1,0,0,0,3,0,3,3.0,1,0,0,0,-2.3,False,True,True,2,351.67,5.8655327755013085,69,10,0,1,2.3
2025-08-13,financial services stocks rally on strong profit margins,Reuters,Market Rally,ASX 200,-3.59,398.17,negative,Construction,High,ExxonMobil,https://www.reuters.com/markets/stocks/tech-rally,financial services stocks rally on strong profit margins,2,0,1,0,7,0,7,7.0,1,0,0,0,-3.59,False,True,True,2,398.17,5.989387391312783,56,8,0,1,3.59
2025-05-15,banking stocks dip after a major scandal is revealed,Seeking Alpha,Bond Market Fluctuation,FTSE 100,3.22,385.06,negative,Construction,Medium,Apple Inc.,https://www.forbes.com/crypto/cryptocurrency-regulation,banking stocks dip after a major scandal is revealed,0,1,0,1,0,4,-4,0.0,0,1,0,0,3.22,True,False,True,2,385.06,5.95599279779973,52,9,1,0,3.22
2025-05-12,banking stocks dip after a major scandal is revealed,MarketWatch,Currency Devaluation,Shanghai Composite,3.89,208.79,negative,Aerospace & Defense,Medium,Tesla,https://www.reuters.com/markets/indices/ftse-100,banking stocks dip after a major scandal is revealed,0,1,0,1,0,4,-4,0.0,0,1,0,0,3.89,True,False,True,2,208.79,5.346107030383885,52,9,1,0,3.89
2025-02-21,bond yields tumble as investors seek safe havens,Economic Times,Unemployment Rate Announcement,Russell 2000,3.44,96.22,negative,Technology,Low,ExxonMobil,https://www.moneycontrol.com/us-markets/dow-jones-industrial,bond yields tumble as investors seek safe havens,0,1,0,0,0,3,-3,0.0,0,1,0,0,3.44,True,False,True,2,96.22,4.576976451617309,48,8,1,0,3.44
2025-02-20,a massive data breach sends a tech company s stock tumbling,Investopedia,Economic Data Release,FTSE 100,2.5,160.09,negative,Industrials,High,Samsung Electronics,https://timesofindia.indiatimes.com/business/agriculture-sector,a massive data breach sends a tech company s stock tumbling,0,1,0,0,0,3,-3,0.0,0,1,0,0,2.5,True,False,True,2,160.09,5.081963215009874,59,11,1,0,2.5
2025-04-05,healthcare stocks gain on robust demand and strong outlook,CNBC,Economic Data Release,Russell 2000,-1.24,354.76,negative,Aerospace & Defense,Medium,Reliance Industries,https://www.cnbc.com/2025/12/healthcare-sector-outlook,healthcare stocks gain on robust demand and strong outlook,2,0,1,0,7,0,7,7.0,1,0,0,0,-1.24,False,True,True,2,354.76,5.874256346202441,58,9,0,1,1.24
2025-08-09,banking stocks dip after a major scandal is revealed,The Economist,Stock Market Crash,IBOVESPA,0.94,369.55,negative,Aerospace & Defense,Low,JP Morgan Chase,https://timesofindia.indiatimes.com/business/finance/banking-sector-news,banking stocks dip after a major scandal is revealed,0,1,0,1,0,4,-4,0.0,0,1,0,0,0.94,True,False,True,2,369.55,5.914988388397368,52,9,1,0,0.94
2025-02-04,healthcare stocks gain on robust demand and strong outlook,The Hindu Business Line,Government Policy Announcement,TSX,-4.86,174.9,negative,Transportation,Medium,Samsung Electronics,https://www.investopedia.com/articles/government-policy-announcement,healthcare stocks gain on robust demand and strong outlook,2,0,1,0,7,0,7,7.0,1,0,0,0,-4.86,False,True,True,2,174.9,5.169915651743512,58,9,0,1,4.86
2025-02-28,consumer discretionary stocks outperform as spending increases,MarketWatch,Interest Rate Change,Dow Jones,-1.49,76.07,negative,Materials,High,Goldman Sachs,https://www.moneycontrol.com/us-markets/dow-jones-industrial,consumer discretionary stocks outperform as spending increases,1,0,0,0,3,0,3,3.0,1,0,0,0,-1.49,False,True,True,2,76.07,4.344714099789901,62,7,0,1,1.49
2025-04-08,asx 200 gains on strong export performance,MarketWatch,IPO Launch,KOSPI,-0.92,86.41,negative,Aerospace & Defense,Medium,ExxonMobil,https://www.moneycontrol.com/us-markets/nasdaq-composite,asx 200 gains on strong export performance,1,0,0,0,3,0,3,3.0,1,0,0,1,-0.92,False,True,True,2,86.41,4.470609692592396,42,7,0,1,0.92
2025-04-14,banking stocks dip after a major scandal is revealed,Financial Times,Cryptocurrency Regulation,Hang Seng,4.99,314.53,negative,Agriculture,Low,Boeing,https://www.ft.com/content/geopolitical-summit,banking stocks dip after a major scandal is revealed,0,1,0,1,0,4,-4,0.0,0,1,0,0,4.99,True,False,True,2,314.53,5.754253764624003,52,9,1,0,4.99
2025-04-09,financial services stocks rally on strong profit margins,Financial Times,Major Merger/Acquisition,Hang Seng,-0.87,492.67,negative,Media & Entertainment,Medium,Reliance Industries,https://www.moneycontrol.com/india/ipo-news/new-firm-launches,financial services stocks rally on strong profit margins,2,0,1,0,7,0,7,7.0,1,0,0,0,-0.87,False,True,True,2,492.67,6.201867277771356,56,8,0,1,0.87
2025-05-25,financial services stocks rally on strong profit margins,CNBC,Government Policy Announcement,Nikkei 225,-2.63,488.63,negative,Technology,Medium,Apple Inc.,https://www.cnbc.com/2025/09/automotive-industry-trends,financial services stocks rally on strong profit margins,2,0,1,0,7,0,7,7.0,1,0,0,0,-2.63,False,True,True,2,488.63,6.193650003830714,56,8,0,1,2.63
2025-07-23,aerospace and defense sector sees rally amid geopolitical tensions,Forbes,Market Rally,NSE Nifty,-4.34,151.89,negative,Energy,High,ExxonMobil,https://www.cnbc.com/2025/10/real-estate-market-analysis,aerospace and defense sector sees rally amid geopolitical tensions,1,0,0,0,3,0,3,3.0,1,0,0,0,-4.34,False,True,True,2,151.89,5.029718708572522,66,9,0,1,4.34
2025-03-08,bond yields tumble as investors seek safe havens,Yahoo Finance,Government Policy Announcement,Euro Stoxx 50,3.95,199.68,negative,Energy,Medium,Samsung Electronics,https://www.ft.com/content/media-entertainment-merger,bond yields tumble as investors seek safe havens,0,1,0,0,0,3,-3,0.0,0,1,0,0,3.95,True,False,True,2,199.68,5.301711599616052,48,8,1,0,3.95
2025-03-18,financial services stocks rally on strong profit margins,Investopedia,Market Rally,Hang Seng,-3.3,372.35,negative,Energy,High,ExxonMobil,https://www.marketwatch.com/story/commodities-price-shock,financial services stocks rally on strong profit margins,2,0,1,0,7,0,7,7.0,1,0,0,0,-3.3,False,True,True,2,372.35,5.922516317481711,56,8,0,1,3.3
2025-03-18,aerospace and defense sector sees rally amid geopolitical tensions,Seeking Alpha,Interest Rate Change,NSE Nifty,-3.45,448.79,negative,Telecommunications,Medium,JP Morgan Chase,https://www.business-standard.com/economy/trade-disputes-impact,aerospace and defense sector sees rally amid geopolitical tensions,1,0,0,0,3,0,3,3.0,1,0,0,0,-3.45,False,True,True,2,448.79,6.108780807174922,66,9,0,1,3.45
2025-03-12,bond yields tumble as investors seek safe havens,The Hindu Business Line,Interest Rate Change,Shanghai Composite,3.43,123.91,negative,Automotive,Low,Tesla,https://www.cnbc.com/2025/10/real-estate-market-analysis,bond yields tumble as investors seek safe havens,0,1,0,0,0,3,-3,0.0,0,1,0,0,3.43,True,False,True,2,123.91,4.827593477977818,48,8,1,0,3.43
2025-07-16,mining company stock surges on commodity price boom,Economic Times,Corporate Earnings Report,Dow Jones,-4.84,244.28,negative,Construction,Medium,ExxonMobil,https://www.moneycontrol.com/india/ipo-news/new-firm-launches,mining company stock surges on commodity price boom,1,0,0,0,3,0,3,3.0,1,0,0,0,-4.84,False,True,True,2,244.28,5.502400415123504,51,8,0,1,4.84
